Kanji	Reading	Romaji	Type	Uncommon?	Variation of
亜	ア	A	On		
哀	アイ	AI	On		
哀	あわ.れ	awa.re	Kun		
哀	あわ.れむ	awa.remu	Kun		
挨	アイ	AI	On		
愛	アイ	AI	On		
曖	アイ	AI	On		
悪	アク	AKU	On		
悪	オ	O	On		
悪	わる.い	waru.i	Kun		
握	アク	AKU	On		
握	にぎ.る	nigi.ru	Kun		
圧	アツ	ATSU	On		
扱	あつか.う	atsuka.u	Kun		
宛	あて.る	ate.ru	Kun		
宛	あ.てる	a.teru	Kun		
嵐	あらし	arashi	Kun		
安	アン	AN	On		
安	やす.い	yasu.i	Kun		
案	アン	AN	On		
暗	アン	AN	On		
暗	くら.い	kura.i	Kun		
以	イ	I	On		
衣	イ	I	On		
衣	ころも	koromo	Kun		
位	イ	I	On		
位	くらい	kurai	Kun		
囲	イ	I	On		
囲	かこ.む	kako.mu	Kun		
囲	かこ.う	kako.u	Kun		
医	イ	I	On		
依	イ	I	On		
依	エ	E	On	Y	
委	イ	I	On		
委	ゆだ.ねる	yuda.neru	Kun		
威	イ	I	On		
為	イ	I	On		
畏	イ	I	On		
畏	おそ.れる	oso.reru	Kun		
胃	イ	I	On		
尉	イ	I	On		
異	イ	I	On		
異	こと	koto	Kun		
移	イ	I	On		
移	うつ.る	utsu.ru	Kun		
移	うつ.す	utsu.su	Kun		
萎	イ	I	On		
萎	な.える	na.eru	Kun		
偉	イ	I	On		
偉	えら.い	era.i	Kun		
椅	イ	I	On		
彙	イ	I	On		
意	イ	I	On		
違	イ	I	On		
違	ちが.う	chiga.u	Kun		
違	ちが.える	chiga.eru	Kun		
維	イ	I	On		
慰	イ	I	On		
慰	なぐさ.める	nagusa.meru	Kun		
慰	なぐさ.む	nagusa.mu	Kun		
遺	イ	I	On		
遺	ユイ	YUI	On	Y	
緯	イ	I	On		
域	イキ	IKI	On		
育	イク	IKU	On		
育	そだ.つ	soda.tsu	Kun		
育	そだ.てる	soda.teru	Kun		
育	はぐく.む	haguku.mu	Kun		
一	イチ	ICHI	On		
一	イツ	ITSU	On		
一	ひと	hito	Kun		
一	ひと.つ	hito.tsu	Kun		
壱	イチ	ICHI	On		
逸	イツ	ITSU	On		
茨	いばら	ibara	Kun	Y	
芋	いも	imo	Kun		
引	イン	IN	On		
引	ひ.く	hi.ku	Kun		
引	ひ.ける	hi.keru	Kun		
印	イン	IN	On		
印	しるし	shirushi	Kun		
因	イン	IN	On		
因	よ.る	yo.ru	Kun		
咽	イン	IN	On		
姻	イン	IN	On		
員	イン	IN	On		
院	イン	IN	On		
淫	イン	IN	On		
淫	みだ.ら	mida.ra	Kun		
陰	イン	IN	On		
陰	かげ	kage	Kun		
陰	かげ.る	kage.ru	Kun		
飲	イン	IN	On		
飲	の.む	no.mu	Kun		
隠	イン	IN	On		
隠	かく.す	kaku.su	Kun		
隠	かく.れる	kaku.reru	Kun		
韻	イン	IN	On		
右	ウ	U	On		
右	ユウ	YUU	On		
右	みぎ	migi	Kun		
宇	ウ	U	On		
羽	ウ	U	On		
羽	わ	wa	Kun		は
羽	ば	ba	Kun		は
羽	ぱ	pa	Kun		は
羽	は	ha	Kun		
羽	はね	hane	Kun		
雨	ウ	U	On		
雨	あめ	ame	Kun		
雨	あま	ama	Kun	Y	
唄	うた	uta	Kun	Y	
鬱	ウツ	UTSU	On		
畝	うね	une	Kun		
浦	うら	ura	Kun		
運	ウン	UN	On		
運	はこ.ぶ	hako.bu	Kun		
雲	ウン	UN	On		
雲	くも	kumo	Kun		
永	エイ	EI	On		
永	なが.い	naga.i	Kun		
泳	エイ	EI	On		
泳	およ.ぐ	oyo.gu	Kun		
英	エイ	EI	On		
映	エイ	EI	On		
映	うつ.る	utsu.ru	Kun		
映	うつ.す	utsu.su	Kun		
映	は.える	ha.eru	Kun		
栄	エイ	EI	On		
栄	さか.える	saka.eru	Kun		
栄	は.え	ha.e	Kun		
栄	は.える	ha.eru	Kun		
営	エイ	EI	On		
営	いとな.む	itona.mu	Kun		
詠	エイ	EI	On		
詠	よ.む	yo.mu	Kun		
影	エイ	EI	On		
影	かげ	kage	Kun		
鋭	エイ	EI	On		
鋭	するど.い	surudo.i	Kun		
衛	エイ	EI	On		
易	エキ	EKI	On		
易	イ	I	On		
易	やさ.しい	yasa.shii	Kun		
疫	エキ	EKI	On		
疫	ヤク	YAKU	On	Y	
益	エキ	EKI	On		
益	ヤク	YAKU	On	Y	
液	エキ	EKI	On		
駅	エキ	EKI	On		
悦	エツ	ETSU	On		
越	エツ	ETSU	On		
越	こ.す	ko.su	Kun		
越	こ.える	ko.eru	Kun		
謁	エツ	ETSU	On		
閲	エツ	ETSU	On		
円	エン	EN	On		
円	まる.い	maru.i	Kun		
延	エン	EN	On		
延	の.びる	no.biru	Kun		
延	の.べる	no.beru	Kun		
延	の.ばす	no.basu	Kun		
沿	エン	EN	On		
沿	そ.う	so.u	Kun		
炎	エン	EN	On		
炎	ほのお	honoo	Kun		
怨	エン	EN	On		
怨	オン	ON	On		
宴	エン	EN	On		
媛	エン	EN	On		
援	エン	EN	On		
園	エン	EN	On		
園	その	sono	Kun		
煙	エン	EN	On		
煙	けむ.る	kemu.ru	Kun		
煙	けむり	kemuri	Kun		
煙	けむ.い	kemu.i	Kun		
猿	エン	EN	On		
猿	さる	saru	Kun		
遠	エン	EN	On		
遠	オン	ON	On	Y	
遠	とお.い	too.i	Kun		
鉛	エン	EN	On		
鉛	なまり	namari	Kun		
塩	エン	EN	On		
塩	しお	shio	Kun		
演	エン	EN	On		
縁	エン	EN	On		
縁	ふち	fuchi	Kun		
艶	エン	EN	On		
艶	つや	tsuya	Kun		
汚	オ	O	On		
汚	けが.す	kega.su	Kun		
汚	けが.れる	kega.reru	Kun		
汚	けが.らわしい	kega.rawashii	Kun		
汚	よご.す	yogo.su	Kun		
汚	よご.れる	yogo.reru	Kun		
汚	きたな.い	kitana.i	Kun		
王	オウ	OU	On		
凹	オウ	OU	On		
央	オウ	OU	On		
応	オウ	OU	On		
応	こた.える	kota.eru	Kun		
往	オウ	OU	On		
押	オウ	OU	On		
押	お.す	o.su	Kun		
押	お.さえる	o.saeru	Kun		
旺	オウ	OU	On		
欧	オウ	OU	On		
殴	オウ	OU	On		
殴	なぐ.る	nagu.ru	Kun		
桜	オウ	OU	On		
桜	さくら	sakura	Kun		
翁	オウ	OU	On		
奥	オウ	OU	On		
奥	おく	oku	Kun		
横	オウ	OU	On		
横	よこ	yoko	Kun		
岡	おか	oka	Kun	Y	
屋	オク	OKU	On		
屋	や	ya	Kun		
億	オク	OKU	On		
憶	オク	OKU	On		
臆	オク	OKU	On		
虞	おそれ	osore	Kun		
乙	オツ	OTSU	On		
俺	おれ	ore	Kun		
卸	おろ.す	oro.su	Kun		
卸	おろし	oroshi	Kun		
音	オン	ON	On		
音	イン	IN	On		
音	おと	oto	Kun		
音	ね	ne	Kun		
恩	オン	ON	On		
温	オン	ON	On		
温	あたた.か	atata.ka	Kun		
温	あたた.かい	atata.kai	Kun		
温	あたた.まる	atata.maru	Kun		
温	あたた.める	atata.meru	Kun		
穏	オン	ON	On		
穏	おだ.やか	oda.yaka	Kun		
下	カ	KA	On		
下	ゲ	GE	On		
下	した	shita	Kun		
下	しも	shimo	Kun		
下	もと	moto	Kun		
下	さ.げる	sa.geru	Kun		
下	さ.がる	sa.garu	Kun		
下	くだ.る	kuda.ru	Kun		
下	くだ.す	kuda.su	Kun		
下	くだ.さる	kuda.saru	Kun		
下	お.ろす	o.rosu	Kun		
下	お.りる	o.riru	Kun		
化	カ	KA	On		
化	ケ	KE	On		
化	ば.ける	ba.keru	Kun		
化	ば.かす	ba.kasu	Kun		
火	カ	KA	On		
火	ひ	hi	Kun		
火	ほ	ho	Kun	Y	
加	カ	KA	On		
加	くわ.える	kuwa.eru	Kun		
加	くわ.わる	kuwa.waru	Kun		
可	カ	KA	On		
仮	カ	KA	On		
仮	ケ	KE	On	Y	
仮	かり	kari	Kun		
何	カ	KA	On		
何	なに	nani	Kun		
何	なん	nan	Kun	Y	
花	カ	KA	On		
花	はな	hana	Kun		
佳	カ	KA	On		
価	カ	KA	On		
価	あたい	atai	Kun		
果	カ	KA	On		
果	は.たす	ha.tasu	Kun		
果	は.てる	ha.teru	Kun		
果	は.て	ha.te	Kun		
河	カ	KA	On		
河	かわ	kawa	Kun		
苛	カ	KA	On		
科	カ	KA	On		
架	カ	KA	On		
架	か.ける	ka.keru	Kun		
架	か.かる	ka.karu	Kun		
夏	カ	KA	On		
夏	ゲ	GE	On	Y	
夏	なつ	natsu	Kun		
家	カ	KA	On		
家	ケ	KE	On		
家	いえ	ie	Kun		
家	や	ya	Kun		
荷	カ	KA	On		
荷	に	ni	Kun		
華	カ	KA	On		
華	ケ	KE	On	Y	
華	はな	hana	Kun		
菓	カ	KA	On		
貨	カ	KA	On		
渦	カ	KA	On		
渦	うず	uzu	Kun		
過	カ	KA	On		
過	す.ぎる	su.giru	Kun		
過	す.ごす	su.gosu	Kun		
過	あやま.つ	ayama.tsu	Kun		
過	あやま.ち	ayama.chi	Kun		
嫁	カ	KA	On		
嫁	よめ	yome	Kun		
嫁	とつ.ぐ	totsu.gu	Kun		
暇	カ	KA	On		
暇	ひま	hima	Kun		
禍	カ	KA	On		
靴	カ	KA	On		
靴	くつ	kutsu	Kun		
寡	カ	KA	On		
歌	カ	KA	On		
歌	うた	uta	Kun		
歌	うた.う	uta.u	Kun		
箇	カ	KA	On		
稼	カ	KA	On		
稼	かせ.ぐ	kase.gu	Kun		
課	カ	KA	On		
蚊	か	ka	Kun		
牙	ガ	GA	On		
牙	ゲ	GE	On	Y	
牙	きば	kiba	Kun		
瓦	ガ	GA	On		
瓦	かわら	kawara	Kun		
我	ガ	GA	On		
我	われ	ware	Kun		
我	わ	wa	Kun		
画	ガ	GA	On		
画	カク	KAKU	On		
芽	ガ	GA	On		
芽	め	me	Kun		
賀	ガ	GA	On		
雅	ガ	GA	On		
餓	ガ	GA	On		
介	カイ	KAI	On		
回	カイ	KAI	On		
回	エ	E	On	Y	
回	まわ.る	mawa.ru	Kun		
回	まわ.す	mawa.su	Kun		
灰	カイ	KAI	On		
灰	はい	hai	Kun		
会	カイ	KAI	On		
会	エ	E	On		
会	あ.う	a.u	Kun		
快	カイ	KAI	On		
快	こころよ.い	kokoroyo.i	Kun		
戒	カイ	KAI	On		
戒	いまし.める	imashi.meru	Kun		
改	カイ	KAI	On		
改	あらた.める	arata.meru	Kun		
改	あらた.まる	arata.maru	Kun		
怪	カイ	KAI	On		
怪	あや.しい	aya.shii	Kun		
怪	あや.しむ	aya.shimu	Kun		
拐	カイ	KAI	On		
悔	カイ	KAI	On		
悔	く.いる	ku.iru	Kun		
悔	く.やむ	ku.yamu	Kun		
悔	くや.しい	kuya.shii	Kun		
海	カイ	KAI	On		
海	うみ	umi	Kun		
界	カイ	KAI	On		
皆	カイ	KAI	On		
皆	みな	mina	Kun		
械	カイ	KAI	On		
絵	カイ	KAI	On		
絵	エ	E	On		
開	カイ	KAI	On		
開	ひら.く	hira.ku	Kun		
開	ひら.ける	hira.keru	Kun		
開	あ.く	a.ku	Kun		
開	あ.ける	a.keru	Kun		
階	カイ	KAI	On		
塊	カイ	KAI	On		
塊	かたまり	katamari	Kun		
楷	カイ	KAI	On		
解	カイ	KAI	On		
解	ゲ	GE	On		
解	と.く	to.ku	Kun		
解	と.かす	to.kasu	Kun		
解	と.ける	to.keru	Kun		
潰	カイ	KAI	On		
潰	つぶ.す	tsubu.su	Kun		
潰	つぶ.れる	tsubu.reru	Kun		
壊	カイ	KAI	On		
壊	こわ.す	kowa.su	Kun		
壊	こわ.れる	kowa.reru	Kun		
懐	カイ	KAI	On		
懐	ふところ	futokoro	Kun		
懐	なつ.かしい	natsu.kashii	Kun		
懐	なつ.かしむ	natsu.kashimu	Kun		
懐	なつ.く	natsu.ku	Kun		
懐	なつ.ける	natsu.keru	Kun		
諧	カイ	KAI	On		
貝	かい	kai	Kun		
外	ガイ	GAI	On		
外	ゲ	GE	On		
外	そと	soto	Kun		
外	ほか	hoka	Kun		
外	はず.す	hazu.su	Kun		
外	はず.れる	hazu.reru	Kun		
劾	ガイ	GAI	On		
害	ガイ	GAI	On		
崖	ガイ	GAI	On		
崖	がけ	gake	Kun		
涯	ガイ	GAI	On		
街	ガイ	GAI	On		
街	カイ	KAI	On	Y	
街	まち	machi	Kun		
慨	ガイ	GAI	On		
蓋	ガイ	GAI	On		
蓋	ふた	futa	Kun		
該	ガイ	GAI	On		
概	ガイ	GAI	On		
骸	ガイ	GAI	On		
垣	かき	kaki	Kun		
柿	かき	kaki	Kun		
各	カク	KAKU	On		
各	おのおの	onoono	Kun		
角	カク	KAKU	On		
角	かど	kado	Kun		
角	つの	tsuno	Kun		
拡	カク	KAKU	On		
革	カク	KAKU	On		
革	かわ	kawa	Kun		
格	カク	KAKU	On		
格	コウ	KOU	On	Y	
核	カク	KAKU	On		
殻	カク	KAKU	On		
殻	から	kara	Kun		
郭	カク	KAKU	On		
覚	カク	KAKU	On		
覚	おぼ.える	obo.eru	Kun		
覚	さ.ます	sa.masu	Kun		
覚	さ.める	sa.meru	Kun		
較	カク	KAKU	On		
隔	カク	KAKU	On		
隔	へだ.てる	heda.teru	Kun		
隔	へだ.たる	heda.taru	Kun		
閣	カク	KAKU	On		
確	カク	KAKU	On		
確	たし.か	tashi.ka	Kun		
確	たし.かめる	tashi.kameru	Kun		
獲	カク	KAKU	On		
獲	え.る	e.ru	Kun		
嚇	カク	KAKU	On		
穫	カク	KAKU	On		
学	ガク	GAKU	On		
学	まな.ぶ	mana.bu	Kun		
岳	ガク	GAKU	On		
岳	たけ	take	Kun		
楽	ガク	GAKU	On		
楽	ラク	RAKU	On		
楽	たの.しい	tano.shii	Kun		
楽	たの.しむ	tano.shimu	Kun		
額	ガク	GAKU	On		
額	ひたい	hitai	Kun		
顎	ガク	GAKU	On		
顎	あご	ago	Kun		
掛	か.ける	ka.keru	Kun		
掛	か.かる	ka.karu	Kun		
掛	かかり	kakari	Kun		
潟	かた	kata	Kun		
括	カツ	KATSU	On		
活	カツ	KATSU	On		
喝	カツ	KATSU	On		
渇	カツ	KATSU	On		
渇	かわ.く	kawa.ku	Kun		
割	カツ	KATSU	On		
割	わ.る	wa.ru	Kun		
割	わり	wari	Kun		
割	わ.れる	wa.reru	Kun		
割	さ.く	sa.ku	Kun		
葛	カツ	KATSU	On		
葛	くず	kuzu	Kun		
滑	カツ	KATSU	On		
滑	コツ	KOTSU	On		
滑	すべ.る	sube.ru	Kun		
滑	なめ.らか	name.raka	Kun		
褐	カツ	KATSU	On		
轄	カツ	KATSU	On		
且	か.つ	ka.tsu	Kun		
株	かぶ	kabu	Kun		
釜	かま	kama	Kun		
鎌	かま	kama	Kun		
刈	か.る	ka.ru	Kun		
干	カン	KAN	On		
干	ほ.す	ho.su	Kun		
干	ひ.る	hi.ru	Kun		
刊	カン	KAN	On		
甘	カン	KAN	On		
甘	あま.い	ama.i	Kun		
甘	あま.える	ama.eru	Kun		
甘	あま.やかす	ama.yakasu	Kun		
汗	カン	KAN	On		
汗	あせ	ase	Kun		
缶	カン	KAN	On		
完	カン	KAN	On		
肝	カン	KAN	On		
肝	きも	kimo	Kun		
官	カン	KAN	On		
冠	カン	KAN	On		
冠	かんむり	kanmuri	Kun		
巻	カン	KAN	On		
巻	ま.く	ma.ku	Kun		
巻	まき	maki	Kun		
看	カン	KAN	On		
陥	カン	KAN	On		
陥	おちい.る	ochii.ru	Kun		
陥	おとしい.れる	otoshii.reru	Kun		
乾	カン	KAN	On		
乾	かわ.く	kawa.ku	Kun		
乾	かわ.かす	kawa.kasu	Kun		
勘	カン	KAN	On		
患	カン	KAN	On		
患	わずら.う	wazura.u	Kun		
貫	カン	KAN	On		
貫	つらぬ.く	tsuranu.ku	Kun		
寒	カン	KAN	On		
寒	さむ.い	samu.i	Kun		
喚	カン	KAN	On		
堪	カン	KAN	On		
堪	た.える	ta.eru	Kun		
換	カン	KAN	On		
換	か.える	ka.eru	Kun		
換	か.わる	ka.waru	Kun		
敢	カン	KAN	On		
棺	カン	KAN	On		
款	カン	KAN	On		
間	カン	KAN	On		
間	ケン	KEN	On		
間	あいだ	aida	Kun		
間	ま	ma	Kun		
閑	カン	KAN	On		
勧	カン	KAN	On		
勧	すす.める	susu.meru	Kun		
寛	カン	KAN	On		
幹	カン	KAN	On		
幹	みき	miki	Kun		
感	カン	KAN	On		
漢	カン	KAN	On		
慣	カン	KAN	On		
慣	な.れる	na.reru	Kun		
慣	な.らす	na.rasu	Kun		
管	カン	KAN	On		
管	くだ	kuda	Kun		
関	カン	KAN	On		
関	せき	seki	Kun		
関	かか.わる	kaka.waru	Kun		
歓	カン	KAN	On		
監	カン	KAN	On		
緩	カン	KAN	On		
緩	ゆる.い	yuru.i	Kun		
緩	ゆる.やか	yuru.yaka	Kun		
緩	ゆる.む	yuru.mu	Kun		
緩	ゆる.める	yuru.meru	Kun		
憾	カン	KAN	On		
還	カン	KAN	On		
館	カン	KAN	On		
館	やかた	yakata	Kun		
環	カン	KAN	On		
簡	カン	KAN	On		
観	カン	KAN	On		
韓	カン	KAN	On		
艦	カン	KAN	On		
鑑	カン	KAN	On		
鑑	かんが.みる	kanga.miru	Kun		
丸	ガン	GAN	On		
丸	まる	maru	Kun		
丸	まる.い	maru.i	Kun		
丸	まる.める	maru.meru	Kun		
含	ガン	GAN	On		
含	ふく.む	fuku.mu	Kun		
含	ふく.める	fuku.meru	Kun		
岸	ガン	GAN	On		
岸	きし	kishi	Kun		
岩	ガン	GAN	On		
岩	いわ	iwa	Kun		
玩	ガン	GAN	On		
眼	ガン	GAN	On		
眼	ゲン	GEN	On	Y	
眼	まなこ	manako	Kun		
頑	ガン	GAN	On		
顔	ガン	GAN	On		
顔	かお	kao	Kun		
願	ガン	GAN	On		
願	ねが.う	nega.u	Kun		
企	キ	KI	On		
企	くわだ.てる	kuwada.teru	Kun		
伎	キ	KI	On		
危	キ	KI	On		
危	あぶ.ない	abu.nai	Kun		
危	あや.うい	aya.ui	Kun		
危	あや.ぶむ	aya.bumu	Kun		
机	キ	KI	On		
机	つくえ	tsukue	Kun		
気	キ	KI	On		
気	ケ	KE	On		
岐	キ	KI	On		
希	キ	KI	On		
忌	キ	KI	On		
忌	い.む	i.mu	Kun		
忌	い.まわしい	i.mawashii	Kun		
汽	キ	KI	On		
奇	キ	KI	On		
祈	キ	KI	On		
祈	いの.る	ino.ru	Kun		
季	キ	KI	On		
紀	キ	KI	On		
軌	キ	KI	On		
既	キ	KI	On		
既	すで.に	sude.ni	Kun		
記	キ	KI	On		
記	しる.す	shiru.su	Kun		
起	キ	KI	On		
起	お.きる	o.kiru	Kun		
起	お.こる	o.koru	Kun		
起	お.こす	o.kosu	Kun		
飢	キ	KI	On		
飢	う.える	u.eru	Kun		
鬼	キ	KI	On		
鬼	おに	oni	Kun		
帰	キ	KI	On		
帰	かえ.る	kae.ru	Kun		
帰	かえ.す	kae.su	Kun		
基	キ	KI	On		
基	もと	moto	Kun		
基	もとい	motoi	Kun		
寄	キ	KI	On		
寄	よ.る	yo.ru	Kun		
寄	よ.せる	yo.seru	Kun		
規	キ	KI	On		
亀	キ	KI	On		
亀	かめ	kame	Kun		
喜	キ	KI	On		
喜	よろこ.ぶ	yoroko.bu	Kun		
幾	キ	KI	On		
幾	いく	iku	Kun		
揮	キ	KI	On		
期	キ	KI	On		
期	ゴ	GO	On	Y	
棋	キ	KI	On		
貴	キ	KI	On		
貴	たっと.い	tatto.i	Kun		
貴	とうと.い	touto.i	Kun		
貴	たっと.ぶ	tatto.bu	Kun		
貴	とうと.ぶ	touto.bu	Kun		
棄	キ	KI	On		
毀	キ	KI	On		
旗	キ	KI	On		
旗	はた	hata	Kun		
器	キ	KI	On		
器	うつわ	utsuwa	Kun		
畿	キ	KI	On		
輝	キ	KI	On		
輝	かがや.く	kagaya.ku	Kun		
機	キ	KI	On		
機	はた	hata	Kun		
騎	キ	KI	On		
技	ギ	GI	On		
技	わざ	waza	Kun		
宜	ギ	GI	On		
偽	ギ	GI	On		
偽	いつわ.る	itsuwa.ru	Kun		
偽	にせ	nise	Kun		
欺	ギ	GI	On		
欺	あざむ.く	azamu.ku	Kun		
義	ギ	GI	On		
疑	ギ	GI	On		
疑	うたが.う	utaga.u	Kun		
儀	ギ	GI	On		
戯	ギ	GI	On		
戯	たわむ.れる	tawamu.reru	Kun		
擬	ギ	GI	On		
犠	ギ	GI	On		
議	ギ	GI	On		
菊	キク	KIKU	On		
吉	キチ	KICHI	On		
吉	キツ	KITSU	On		
喫	キツ	KITSU	On		
詰	キツ	KITSU	On		
詰	つ.める	tsu.meru	Kun		
詰	つ.まる	tsu.maru	Kun		
詰	つ.む	tsu.mu	Kun		
却	キャク	KYAKU	On		
客	キャク	KYAKU	On		
客	カク	KAKU	On		
脚	キャク	KYAKU	On		
脚	キャ	KYA	On	Y	
脚	あし	ashi	Kun		
逆	ギャク	GYAKU	On		
逆	さか	saka	Kun		
逆	さか.らう	saka.rau	Kun		
虐	ギャク	GYAKU	On		
虐	しいた.げる	shiita.geru	Kun		
九	キュウ	KYUU	On		
九	ク	KU	On		
九	ここの	kokono	Kun		
九	ここの.つ	kokono.tsu	Kun		
久	キュウ	KYUU	On		
久	ク	KU	On	Y	
久	ひさ.しい	hisa.shii	Kun		
及	キュウ	KYUU	On		
及	およ.ぶ	oyo.bu	Kun		
及	およ.び	oyo.bi	Kun		
及	およ.ぼす	oyo.bosu	Kun		
弓	キュウ	KYUU	On		
弓	ゆみ	yumi	Kun		
丘	キュウ	KYUU	On		
丘	おか	oka	Kun		
旧	キュウ	KYUU	On		
休	キュウ	KYUU	On		
休	やす.む	yasu.mu	Kun		
休	やす.まる	yasu.maru	Kun		
休	やす.める	yasu.meru	Kun		
吸	キュウ	KYUU	On		
吸	す.う	su.u	Kun		
朽	キュウ	KYUU	On		
朽	く.ちる	ku.chiru	Kun		
臼	キュウ	KYUU	On		
臼	うす	usu	Kun		
求	キュウ	KYUU	On		
求	もと.める	moto.meru	Kun		
究	キュウ	KYUU	On		
究	きわ.める	kiwa.meru	Kun		
泣	キュウ	KYUU	On		
泣	な.く	na.ku	Kun		
急	キュウ	KYUU	On		
急	いそ.ぐ	iso.gu	Kun		
級	キュウ	KYUU	On		
糾	キュウ	KYUU	On		
宮	キュウ	KYUU	On		
宮	グウ	GUU	On		
宮	ク	KU	On	Y	
宮	みや	miya	Kun		
救	キュウ	KYUU	On		
救	すく.う	suku.u	Kun		
球	キュウ	KYUU	On		
球	たま	tama	Kun		
給	キュウ	KYUU	On		
嗅	キュウ	KYUU	On		
嗅	か.ぐ	ka.gu	Kun		
窮	キュウ	KYUU	On		
窮	きわ.める	kiwa.meru	Kun		
窮	きわ.まる	kiwa.maru	Kun		
牛	ギュウ	GYUU	On		
牛	うし	ushi	Kun		
去	キョ	KYO	On		
去	コ	KO	On		
去	さ.る	sa.ru	Kun		
巨	キョ	KYO	On		
居	キョ	KYO	On		
居	い.る	i.ru	Kun		
拒	キョ	KYO	On		
拒	こば.む	koba.mu	Kun		
拠	キョ	KYO	On		
拠	コ	KO	On		
挙	キョ	KYO	On		
挙	あ.げる	a.geru	Kun		
挙	あ.がる	a.garu	Kun		
虚	キョ	KYO	On		
虚	コ	KO	On	Y	
許	キョ	KYO	On		
許	ゆる.す	yuru.su	Kun		
距	キョ	KYO	On		
魚	ギョ	GYO	On		
魚	うお	uo	Kun		
魚	さかな	sakana	Kun		
御	ギョ	GYO	On		
御	ゴ	GO	On		
御	おん	on	Kun		
漁	ギョ	GYO	On		
漁	リョウ	RYOU	On		
凶	キョウ	KYOU	On		
共	キョウ	KYOU	On		
共	とも	tomo	Kun		
叫	キョウ	KYOU	On		
叫	さけ.ぶ	sake.bu	Kun		
狂	キョウ	KYOU	On		
狂	くる.う	kuru.u	Kun		
狂	くる.おしい	kuru.oshii	Kun		
京	キョウ	KYOU	On		
京	ケイ	KEI	On		
享	キョウ	KYOU	On		
供	キョウ	KYOU	On		
供	ク	KU	On	Y	
供	そな.える	sona.eru	Kun		
供	とも	tomo	Kun		
協	キョウ	KYOU	On		
況	キョウ	KYOU	On		
峡	キョウ	KYOU	On		
挟	キョウ	KYOU	On		
挟	はさ.む	hasa.mu	Kun		
挟	はさ.まる	hasa.maru	Kun		
狭	キョウ	KYOU	On		
狭	せま.い	sema.i	Kun		
狭	せば.める	seba.meru	Kun		
狭	せば.まる	seba.maru	Kun		
恐	キョウ	KYOU	On		
恐	おそ.らく	oso.raku	Kun		おそ.れる
恐	おそ.れる	oso.reru	Kun		
恐	おそ.ろしい	oso.roshii	Kun		
恭	キョウ	KYOU	On		
恭	うやうや.しい	uyauya.shii	Kun		
胸	キョウ	KYOU	On		
胸	むね	mune	Kun		
胸	むな	muna	Kun	Y	
脅	キョウ	KYOU	On		
脅	おびや.かす	obiya.kasu	Kun		
脅	おど.す	odo.su	Kun		
脅	おど.かす	odo.kasu	Kun		
強	キョウ	KYOU	On		
強	ゴウ	GOU	On		
強	つよ.い	tsuyo.i	Kun		
強	つよ.まる	tsuyo.maru	Kun		
強	つよ.める	tsuyo.meru	Kun		
強	し.いる	shi.iru	Kun		
教	キョウ	KYOU	On		
教	おし.える	oshi.eru	Kun		
教	おそ.わる	oso.waru	Kun		
郷	キョウ	KYOU	On		
郷	ゴウ	GOU	On		
境	キョウ	KYOU	On		
境	ケイ	KEI	On	Y	
境	さかい	sakai	Kun		
橋	キョウ	KYOU	On		
橋	はし	hashi	Kun		
矯	キョウ	KYOU	On		
矯	た.める	ta.meru	Kun		
鏡	キョウ	KYOU	On		
鏡	かがみ	kagami	Kun		
競	キョウ	KYOU	On		
競	ケイ	KEI	On		
競	きそ.う	kiso.u	Kun		
競	せ.る	se.ru	Kun		
響	キョウ	KYOU	On		
響	ひび.く	hibi.ku	Kun		
驚	キョウ	KYOU	On		
驚	おどろ.く	odoro.ku	Kun		
驚	おどろ.かす	odoro.kasu	Kun		
仰	ギョウ	GYOU	On		
仰	コウ	KOU	On	Y	
仰	あお.ぐ	ao.gu	Kun		
仰	おお.せ	oo.se	Kun		
暁	ギョウ	GYOU	On		
暁	あかつき	akatsuki	Kun		
業	ギョウ	GYOU	On		
業	ゴウ	GOU	On		
業	わざ	waza	Kun		
凝	ギョウ	GYOU	On		
凝	こ.る	ko.ru	Kun		
凝	こ.らす	ko.rasu	Kun		
曲	キョク	KYOKU	On		
曲	ま.がる	ma.garu	Kun		
曲	ま.げる	ma.geru	Kun		
局	キョク	KYOKU	On		
極	キョク	KYOKU	On		
極	ゴク	GOKU	On		
極	きわ.める	kiwa.meru	Kun		
極	きわ.まる	kiwa.maru	Kun		
極	きわ.み	kiwa.mi	Kun		
玉	ギョク	GYOKU	On		
玉	たま	tama	Kun		
巾	キン	KIN	On		
斤	キン	KIN	On		
均	キン	KIN	On		
近	キン	KIN	On		
近	ちか.い	chika.i	Kun		
金	キン	KIN	On		
金	コン	KON	On		
金	かね	kane	Kun		
金	かな	kana	Kun	Y	
菌	キン	KIN	On		
勤	キン	KIN	On		
勤	ゴン	GON	On	Y	
勤	つと.める	tsuto.meru	Kun		
勤	つと.まる	tsuto.maru	Kun		
琴	キン	KIN	On		
琴	こと	koto	Kun		
筋	キン	KIN	On		
筋	すじ	suji	Kun		
僅	キン	KIN	On		
僅	わず.か	wazu.ka	Kun		
禁	キン	KIN	On		
緊	キン	KIN	On		
錦	キン	KIN	On		
錦	にしき	nishiki	Kun		
謹	キン	KIN	On		
謹	つつし.む	tsutsushi.mu	Kun		
襟	キン	KIN	On		
襟	えり	eri	Kun		
吟	ギン	GIN	On		
銀	ギン	GIN	On		
区	ク	KU	On		
句	ク	KU	On		
苦	ク	KU	On		
苦	くる.しい	kuru.shii	Kun		
苦	くる.しむ	kuru.shimu	Kun		
苦	くる.しめる	kuru.shimeru	Kun		
苦	にが.い	niga.i	Kun		
苦	にが.る	niga.ru	Kun		
駆	ク	KU	On		
駆	か.ける	ka.keru	Kun		
駆	か.る	ka.ru	Kun		
具	グ	GU	On		
惧	グ	GU	On		
愚	グ	GU	On		
愚	おろ.か	oro.ka	Kun		
空	クウ	KUU	On		
空	そら	sora	Kun		
空	あ.く	a.ku	Kun		
空	あ.ける	a.keru	Kun		
空	から	kara	Kun		
偶	グウ	GUU	On		
遇	グウ	GUU	On		
隅	グウ	GUU	On		
隅	すみ	sumi	Kun		
串	くし	kushi	Kun		
屈	クツ	KUTSU	On		
掘	クツ	KUTSU	On		
掘	ほ.る	ho.ru	Kun		
窟	クツ	KUTSU	On		
熊	くま	kuma	Kun		
繰	く.る	ku.ru	Kun		
君	クン	KUN	On		
君	きみ	kimi	Kun		
訓	クン	KUN	On		
勲	クン	KUN	On		
薫	クン	KUN	On		
薫	かお.る	kao.ru	Kun		
軍	グン	GUN	On		
郡	グン	GUN	On		
群	グン	GUN	On		
群	む.れる	mu.reru	Kun		
群	む.れ	mu.re	Kun		
群	むら	mura	Kun	Y	
兄	ケイ	KEI	On		
兄	キョウ	KYOU	On	Y	
兄	あに	ani	Kun		
刑	ケイ	KEI	On		
形	ケイ	KEI	On		
形	ギョウ	GYOU	On		
形	かた	kata	Kun		
形	かたち	katachi	Kun		
系	ケイ	KEI	On		
径	ケイ	KEI	On		
茎	ケイ	KEI	On		
茎	くき	kuki	Kun		
係	ケイ	KEI	On		
係	かか.る	kaka.ru	Kun		
係	かかり	kakari	Kun		
型	ケイ	KEI	On		
型	かた	kata	Kun		
契	ケイ	KEI	On		
契	ちぎ.る	chigi.ru	Kun		
計	ケイ	KEI	On		
計	はか.る	haka.ru	Kun		
計	はか.らう	haka.rau	Kun		
恵	ケイ	KEI	On		
恵	エ	E	On		
恵	めぐ.む	megu.mu	Kun		
啓	ケイ	KEI	On		
掲	ケイ	KEI	On		
掲	かか.げる	kaka.geru	Kun		
渓	ケイ	KEI	On		
経	ケイ	KEI	On		
経	キョウ	KYOU	On		
経	へ.る	he.ru	Kun		
蛍	ケイ	KEI	On		
蛍	ほたる	hotaru	Kun		
敬	ケイ	KEI	On		
敬	うやま.う	uyama.u	Kun		
景	ケイ	KEI	On		
軽	ケイ	KEI	On		
軽	かる.い	karu.i	Kun		
軽	かろ.やか	karo.yaka	Kun		
傾	ケイ	KEI	On		
傾	かたむ.く	katamu.ku	Kun		
傾	かたむ.ける	katamu.keru	Kun		
携	ケイ	KEI	On		
携	たずさ.える	tazusa.eru	Kun		
携	たずさ.わる	tazusa.waru	Kun		
継	ケイ	KEI	On		
継	つ.ぐ	tsu.gu	Kun		
詣	ケイ	KEI	On		
詣	もうで.る	moude.ru	Kun		
詣	もう.でる	mou.deru	Kun		
慶	ケイ	KEI	On		
憬	ケイ	KEI	On		
稽	ケイ	KEI	On		
憩	ケイ	KEI	On		
憩	いこ.い	iko.i	Kun		
憩	いこ.う	iko.u	Kun		
警	ケイ	KEI	On		
鶏	ケイ	KEI	On		
鶏	にわとり	niwatori	Kun		
芸	ゲイ	GEI	On		
迎	ゲイ	GEI	On		
迎	むか.える	muka.eru	Kun		
鯨	ゲイ	GEI	On		
鯨	くじら	kujira	Kun		
隙	ゲキ	GEKI	On		
隙	すき	suki	Kun		
劇	ゲキ	GEKI	On		
撃	ゲキ	GEKI	On		
撃	う.つ	u.tsu	Kun		
激	ゲキ	GEKI	On		
激	はげ.しい	hage.shii	Kun		
桁	けた	keta	Kun		
欠	ケツ	KETSU	On		
欠	か.ける	ka.keru	Kun		
欠	か.く	ka.ku	Kun		
穴	ケツ	KETSU	On		
穴	あな	ana	Kun		
血	ケツ	KETSU	On		
血	ち	chi	Kun		
決	ケツ	KETSU	On		
決	き.める	ki.meru	Kun		
決	き.まる	ki.maru	Kun		
結	ケツ	KETSU	On		
結	むす.ぶ	musu.bu	Kun		
結	ゆ.う	yu.u	Kun		
結	ゆ.わえる	yu.waeru	Kun		
傑	ケツ	KETSU	On		
潔	ケツ	KETSU	On		
潔	いさぎよ.い	isagiyo.i	Kun		
月	ゲツ	GETSU	On		
月	ガツ	GATSU	On		
月	つき	tsuki	Kun		
犬	ケン	KEN	On		
犬	いぬ	inu	Kun		
件	ケン	KEN	On		
見	ケン	KEN	On		
見	み.る	mi.ru	Kun		
見	み.える	mi.eru	Kun		
見	み.せる	mi.seru	Kun		
券	ケン	KEN	On		
肩	ケン	KEN	On		
肩	かた	kata	Kun		
建	ケン	KEN	On		
建	コン	KON	On	Y	
建	たて.る	tate.ru	Kun		
建	た.てる	ta.teru	Kun		
建	た.つ	ta.tsu	Kun		
研	ケン	KEN	On		
研	と.ぐ	to.gu	Kun		
県	ケン	KEN	On		
倹	ケン	KEN	On		
兼	ケン	KEN	On		
兼	か.ねる	ka.neru	Kun		
剣	ケン	KEN	On		
剣	つるぎ	tsurugi	Kun		
拳	ケン	KEN	On		
拳	こぶし	kobushi	Kun		
軒	ケン	KEN	On		
軒	のき	noki	Kun		
健	ケン	KEN	On		
健	すこ.やか	suko.yaka	Kun		
険	ケン	KEN	On		
険	けわ.しい	kewa.shii	Kun		
圏	ケン	KEN	On		
堅	ケン	KEN	On		
堅	かた.い	kata.i	Kun		
検	ケン	KEN	On		
嫌	ケン	KEN	On		
嫌	ゲン	GEN	On	Y	
嫌	きら.う	kira.u	Kun		
嫌	いや	iya	Kun		
献	ケン	KEN	On		
献	コン	KON	On	Y	
絹	ケン	KEN	On		
絹	きぬ	kinu	Kun		
遣	ケン	KEN	On		
遣	つか.う	tsuka.u	Kun		
遣	つか.わす	tsuka.wasu	Kun		
権	ケン	KEN	On		
権	ゴン	GON	On	Y	
憲	ケン	KEN	On		
賢	ケン	KEN	On		
賢	かしこ.い	kashiko.i	Kun		
謙	ケン	KEN	On		
鍵	ケン	KEN	On		
鍵	かぎ	kagi	Kun		
繭	ケン	KEN	On		
繭	まゆ	mayu	Kun		
顕	ケン	KEN	On		
験	ケン	KEN	On		
験	ゲン	GEN	On	Y	
懸	ケン	KEN	On		
懸	ケ	KE	On	Y	
懸	か.ける	ka.keru	Kun		
懸	か.かる	ka.karu	Kun		
元	ゲン	GEN	On		
元	ガン	GAN	On		
元	もと	moto	Kun		
幻	ゲン	GEN	On		
幻	まぼろし	maboroshi	Kun		
玄	ゲン	GEN	On		
言	ゲン	GEN	On		
言	ゴン	GON	On		
言	い.う	i.u	Kun		
言	こと	koto	Kun		
弦	ゲン	GEN	On		
弦	つる	tsuru	Kun		
限	ゲン	GEN	On		
限	かぎ.る	kagi.ru	Kun		
原	ゲン	GEN	On		
原	はら	hara	Kun		
現	ゲン	GEN	On		
現	あらわ.れる	arawa.reru	Kun		
現	あらわ.す	arawa.su	Kun		
舷	ゲン	GEN	On		
減	ゲン	GEN	On		
減	へ.る	he.ru	Kun		
減	へ.らす	he.rasu	Kun		
源	ゲン	GEN	On		
源	みなもと	minamoto	Kun		
厳	ゲン	GEN	On		
厳	ゴン	GON	On	Y	
厳	おごそ.か	ogoso.ka	Kun		
厳	きび.しい	kibi.shii	Kun		
己	コ	KO	On		
己	キ	KI	On		
己	おのれ	onore	Kun		
戸	コ	KO	On		
戸	と	to	Kun		
古	コ	KO	On		
古	ふる.い	furu.i	Kun		
古	ふる.す	furu.su	Kun		
呼	コ	KO	On		
呼	よ.ぶ	yo.bu	Kun		
固	コ	KO	On		
固	かた.める	kata.meru	Kun		
固	かた.まる	kata.maru	Kun		
固	かた.い	kata.i	Kun		
股	コ	KO	On		
股	また	mata	Kun		
虎	コ	KO	On		
虎	とら	tora	Kun		
孤	コ	KO	On		
弧	コ	KO	On		
故	コ	KO	On		
故	ゆえ	yue	Kun		
枯	コ	KO	On		
枯	か.れる	ka.reru	Kun		
枯	か.らす	ka.rasu	Kun		
個	コ	KO	On		
庫	コ	KO	On		
庫	ク	KU	On	Y	
湖	コ	KO	On		
湖	みずうみ	mizuumi	Kun		
雇	コ	KO	On		
雇	やと.う	yato.u	Kun		
誇	コ	KO	On		
誇	ほこ.る	hoko.ru	Kun		
鼓	コ	KO	On		
鼓	つづみ	tsudumi	Kun		
錮	コ	KO	On		
顧	コ	KO	On		
顧	かえり.みる	kaeri.miru	Kun		
五	ゴ	GO	On		
五	いつ	itsu	Kun		
五	いつ.つ	itsu.tsu	Kun		
互	ゴ	GO	On		
互	たが.い	taga.i	Kun		
午	ゴ	GO	On		
呉	ゴ	GO	On		
後	ゴ	GO	On		
後	コウ	KOU	On		
後	のち	nochi	Kun		
後	うし.ろ	ushi.ro	Kun		
後	あと	ato	Kun		
後	おく.れる	oku.reru	Kun		
娯	ゴ	GO	On		
悟	ゴ	GO	On		
悟	さと.る	sato.ru	Kun		
碁	ゴ	GO	On		
語	ゴ	GO	On		
語	かた.る	kata.ru	Kun		
語	かた.らう	kata.rau	Kun		
誤	ゴ	GO	On		
誤	あやま.る	ayama.ru	Kun		
護	ゴ	GO	On		
口	コウ	KOU	On		
口	ク	KU	On		
口	くち	kuchi	Kun		
工	コウ	KOU	On		
工	ク	KU	On		
公	コウ	KOU	On		
公	おおやけ	ooyake	Kun		
勾	コウ	KOU	On		
孔	コウ	KOU	On		
功	コウ	KOU	On		
功	ク	KU	On	Y	
巧	コウ	KOU	On		
巧	たく.み	taku.mi	Kun		
広	コウ	KOU	On		
広	ひろ.い	hiro.i	Kun		
広	ひろ.まる	hiro.maru	Kun		
広	ひろ.める	hiro.meru	Kun		
広	ひろ.がる	hiro.garu	Kun		
広	ひろ.げる	hiro.geru	Kun		
甲	コウ	KOU	On		
甲	カン	KAN	On		
交	コウ	KOU	On		
交	まじ.わる	maji.waru	Kun		
交	まじ.える	maji.eru	Kun		
交	ま.じる	ma.jiru	Kun		
交	ま.ざる	ma.zaru	Kun		
交	ま.ぜる	ma.zeru	Kun		
交	か.う	ka.u	Kun		
交	か.わす	ka.wasu	Kun		
光	コウ	KOU	On		
光	ひか.る	hika.ru	Kun		
光	ひかり	hikari	Kun		
向	コウ	KOU	On		
向	む.く	mu.ku	Kun		
向	む.ける	mu.keru	Kun		
向	む.かう	mu.kau	Kun		
向	む.こう	mu.kou	Kun		
后	コウ	KOU	On		
好	コウ	KOU	On		
好	この.む	kono.mu	Kun		
好	す.く	su.ku	Kun		
江	コウ	KOU	On		
江	え	e	Kun		
考	コウ	KOU	On		
考	かんが.える	kanga.eru	Kun		
行	コウ	KOU	On		
行	ギョウ	GYOU	On		
行	アン	AN	On	Y	
行	い.く	i.ku	Kun		
行	ゆ.く	yu.ku	Kun		
行	おこな.う	okona.u	Kun		
坑	コウ	KOU	On		
孝	コウ	KOU	On		
抗	コウ	KOU	On		
攻	コウ	KOU	On		
攻	せ.める	se.meru	Kun		
更	コウ	KOU	On		
更	さら	sara	Kun		
更	ふ.ける	fu.keru	Kun		
更	ふ.かす	fu.kasu	Kun		
効	コウ	KOU	On		
効	き.く	ki.ku	Kun		
幸	コウ	KOU	On		
幸	さいわ.い	saiwa.i	Kun		
幸	さち	sachi	Kun		
幸	しあわ.せ	shiawa.se	Kun		
拘	コウ	KOU	On		
肯	コウ	KOU	On		
侯	コウ	KOU	On		
厚	コウ	KOU	On		
厚	あつ.い	atsu.i	Kun		
恒	コウ	KOU	On		
洪	コウ	KOU	On		
皇	コウ	KOU	On		
皇	オウ	OU	On		
紅	コウ	KOU	On		
紅	ク	KU	On	Y	
紅	べに	beni	Kun		
紅	くれない	kurenai	Kun		
荒	コウ	KOU	On		
荒	あら.い	ara.i	Kun		
荒	あ.れる	a.reru	Kun		
荒	あ.らす	a.rasu	Kun		
郊	コウ	KOU	On		
香	コウ	KOU	On		
香	キョウ	KYOU	On	Y	
香	か	ka	Kun		
香	かお.り	kao.ri	Kun		
香	かお.る	kao.ru	Kun		
候	コウ	KOU	On		
候	そうろう	sourou	Kun		
校	コウ	KOU	On		
耕	コウ	KOU	On		
耕	たがや.す	tagaya.su	Kun		
航	コウ	KOU	On		
貢	コウ	KOU	On		
貢	ク	KU	On	Y	
貢	みつ.ぐ	mitsu.gu	Kun		
降	コウ	KOU	On		
降	お.りる	o.riru	Kun		
降	お.ろす	o.rosu	Kun		
降	ふ.る	fu.ru	Kun		
高	コウ	KOU	On		
高	たか.い	taka.i	Kun		
高	たか	taka	Kun		
高	たか.まる	taka.maru	Kun		
高	たか.める	taka.meru	Kun		
康	コウ	KOU	On		
控	コウ	KOU	On		
控	ひか.える	hika.eru	Kun		
梗	コウ	KOU	On		
黄	コウ	KOU	On		
黄	オウ	OU	On		
黄	き	ki	Kun		
黄	こ	ko	Kun	Y	
喉	コウ	KOU	On		
喉	のど	nodo	Kun		
慌	コウ	KOU	On		
慌	あわ.てる	awa.teru	Kun		
慌	あわ.ただしい	awa.tadashii	Kun		
港	コウ	KOU	On		
港	みなと	minato	Kun		
硬	コウ	KOU	On		
硬	かた.い	kata.i	Kun		
絞	コウ	KOU	On		
絞	しぼ.る	shibo.ru	Kun		
絞	し.める	shi.meru	Kun		
絞	し.まる	shi.maru	Kun		
項	コウ	KOU	On		
溝	コウ	KOU	On		
溝	みぞ	mizo	Kun		
鉱	コウ	KOU	On		
構	コウ	KOU	On		
構	かま.える	kama.eru	Kun		
構	かま.う	kama.u	Kun		
綱	コウ	KOU	On		
綱	つな	tsuna	Kun		
酵	コウ	KOU	On		
稿	コウ	KOU	On		
興	コウ	KOU	On		
興	キョウ	KYOU	On		
興	おこ.る	oko.ru	Kun		
興	おこ.す	oko.su	Kun		
衡	コウ	KOU	On		
鋼	コウ	KOU	On		
鋼	はがね	hagane	Kun		
講	コウ	KOU	On		
購	コウ	KOU	On		
乞	こ.う	ko.u	Kun		
号	ゴウ	GOU	On		
合	ゴウ	GOU	On		
合	ガッ	GAXTSU	On		
合	カッ	KAXTSU	On	Y	
合	あ.う	a.u	Kun		
合	あ.わす	a.wasu	Kun		
合	あ.わせる	a.waseru	Kun		
拷	ゴウ	GOU	On		
剛	ゴウ	GOU	On		
傲	ゴウ	GOU	On		
豪	ゴウ	GOU	On		
克	コク	KOKU	On		
告	コク	KOKU	On		
告	つ.げる	tsu.geru	Kun		
谷	コク	KOKU	On		
谷	たに	tani	Kun		
刻	コク	KOKU	On		
刻	きざ.む	kiza.mu	Kun		
国	コク	KOKU	On		
国	くに	kuni	Kun		
黒	コク	KOKU	On		
黒	くろ	kuro	Kun		
黒	くろ.い	kuro.i	Kun		
穀	コク	KOKU	On		
酷	コク	KOKU	On		
獄	ゴク	GOKU	On		
骨	コツ	KOTSU	On		
骨	ほね	hone	Kun		
駒	こま	koma	Kun		
込	こ.む	ko.mu	Kun		
込	こ.める	ko.meru	Kun		
頃	ころ	koro	Kun		
今	コン	KON	On		
今	キン	KIN	On		
今	いま	ima	Kun		
困	コン	KON	On		
困	こま.る	koma.ru	Kun		
昆	コン	KON	On		
恨	コン	KON	On		
恨	うら.む	ura.mu	Kun		
恨	うら.めしい	ura.meshii	Kun		
根	コン	KON	On		
根	ね	ne	Kun		
婚	コン	KON	On		
混	コン	KON	On		
混	ま.じる	ma.jiru	Kun		
混	ま.ざる	ma.zaru	Kun		
混	ま.ぜる	ma.zeru	Kun		
混	こ.む	ko.mu	Kun		
痕	コン	KON	On		
痕	あと	ato	Kun		
紺	コン	KON	On		
魂	コン	KON	On		
魂	たましい	tamashii	Kun		
墾	コン	KON	On		
懇	コン	KON	On		
懇	ねんご.ろ	nengo.ro	Kun		
左	サ	SA	On		
左	ひだり	hidari	Kun		
佐	サ	SA	On		
沙	サ	SA	On		
査	サ	SA	On		
砂	サ	SA	On		
砂	シャ	SHA	On		
砂	すな	suna	Kun		
唆	サ	SA	On		
唆	そそのか.す	sosonoka.su	Kun		
差	サ	SA	On		
差	さ.す	sa.su	Kun		
詐	サ	SA	On		
鎖	サ	SA	On		
鎖	くさり	kusari	Kun		
座	ザ	ZA	On		
座	すわ.る	suwa.ru	Kun		
挫	ザ	ZA	On		
才	サイ	SAI	On		
再	サイ	SAI	On		
再	サ	SA	On	Y	
再	ふたた.び	futata.bi	Kun		
災	サイ	SAI	On		
災	わざわ.い	wazawa.i	Kun		
妻	サイ	SAI	On		
妻	つま	tsuma	Kun		
采	サイ	SAI	On		
砕	サイ	SAI	On		
砕	くだ.く	kuda.ku	Kun		
砕	くだ.ける	kuda.keru	Kun		
宰	サイ	SAI	On		
栽	サイ	SAI	On		
彩	サイ	SAI	On		
彩	いろど.る	irodo.ru	Kun		
採	サイ	SAI	On		
採	と.る	to.ru	Kun		
済	サイ	SAI	On		
済	す.む	su.mu	Kun		
済	す.ます	su.masu	Kun		
祭	サイ	SAI	On		
祭	まつ.る	matsu.ru	Kun		
祭	まつ.り	matsu.ri	Kun		
斎	サイ	SAI	On		
細	サイ	SAI	On		
細	ほそ.い	hoso.i	Kun		
細	ほそ.る	hoso.ru	Kun		
細	こま.か	koma.ka	Kun		
細	こま.かい	koma.kai	Kun		
菜	サイ	SAI	On		
菜	な	na	Kun		
最	サイ	SAI	On		
最	もっと.も	motto.mo	Kun		
裁	サイ	SAI	On		
裁	た.つ	ta.tsu	Kun		
裁	さば.く	saba.ku	Kun		
債	サイ	SAI	On		
催	サイ	SAI	On		
催	もよお.す	moyoo.su	Kun		
塞	サイ	SAI	On		
塞	ソク	SOKU	On		
塞	ふさ.ぐ	fusa.gu	Kun		
塞	ふさ.がる	fusa.garu	Kun		
歳	サイ	SAI	On		
歳	セイ	SEI	On	Y	
載	サイ	SAI	On		
載	の.せる	no.seru	Kun		
載	の.る	no.ru	Kun		
際	サイ	SAI	On		
際	きわ	kiwa	Kun		
埼	さい	sai	Kun	Y	
在	ザイ	ZAI	On		
在	あ.る	a.ru	Kun		
材	ザイ	ZAI	On		
剤	ザイ	ZAI	On		
財	ザイ	ZAI	On		
財	サイ	SAI	On	Y	
罪	ザイ	ZAI	On		
罪	つみ	tsumi	Kun		
崎	さき	saki	Kun		
作	サク	SAKU	On		
作	サ	SA	On		
作	つく.る	tsuku.ru	Kun		
削	サク	SAKU	On		
削	けず.る	kezu.ru	Kun		
昨	サク	SAKU	On		
柵	サク	SAKU	On		
索	サク	SAKU	On		
策	サク	SAKU	On		
酢	サク	SAKU	On		
酢	す	su	Kun		
搾	サク	SAKU	On		
搾	しぼ.る	shibo.ru	Kun		
錯	サク	SAKU	On		
咲	さ.く	sa.ku	Kun		
冊	サツ	SATSU	On		
冊	サク	SAKU	On		
札	サツ	SATSU	On		
札	ふだ	fuda	Kun		
刷	サツ	SATSU	On		
刷	す.る	su.ru	Kun		
刹	サツ	SATSU	On		
刹	セツ	SETSU	On		
拶	サツ	SATSU	On		
殺	サツ	SATSU	On		
殺	サイ	SAI	On	Y	
殺	セツ	SETSU	On	Y	
殺	ころ.す	koro.su	Kun		
察	サツ	SATSU	On		
撮	サツ	SATSU	On		
撮	と.る	to.ru	Kun		
擦	サツ	SATSU	On		
擦	す.る	su.ru	Kun		
擦	す.れる	su.reru	Kun		
雑	ザツ	ZATSU	On		
雑	ゾウ	ZOU	On		
皿	さら	sara	Kun		
三	サン	SAN	On		
三	みっ	mixtsu	Kun		み
三	み	mi	Kun		
三	み.つ	mi.tsu	Kun		
三	みっ.つ	mixtsu.tsu	Kun		
山	サン	SAN	On		
山	やま	yama	Kun		
参	サン	SAN	On		
参	まい.る	mai.ru	Kun		
桟	サン	SAN	On		
蚕	サン	SAN	On		
蚕	かいこ	kaiko	Kun		
惨	サン	SAN	On		
惨	ザン	ZAN	On		
惨	みじ.め	miji.me	Kun		
産	サン	SAN	On		
産	う.む	u.mu	Kun		
産	う.まれる	u.mareru	Kun		
産	うぶ	ubu	Kun		
傘	サン	SAN	On		
傘	かさ	kasa	Kun		
散	サン	SAN	On		
散	ち.る	chi.ru	Kun		
散	ち.らす	chi.rasu	Kun		
散	ち.らかす	chi.rakasu	Kun		
散	ち.らかる	chi.rakaru	Kun		
算	サン	SAN	On		
酸	サン	SAN	On		
酸	す.い	su.i	Kun		
賛	サン	SAN	On		
残	ザン	ZAN	On		
残	のこ.る	noko.ru	Kun		
残	のこ.す	noko.su	Kun		
斬	ザン	ZAN	On		
斬	き.る	ki.ru	Kun		
暫	ザン	ZAN	On		
士	シ	SHI	On		
子	シ	SHI	On		
子	ス	SU	On		
子	こ	ko	Kun		
支	シ	SHI	On		
支	ささ.える	sasa.eru	Kun		
止	シ	SHI	On		
止	と.まる	to.maru	Kun		
止	と.める	to.meru	Kun		
氏	シ	SHI	On		
氏	うじ	uji	Kun		
仕	シ	SHI	On		
仕	ジ	JI	On	Y	
仕	つか.える	tsuka.eru	Kun		
史	シ	SHI	On		
司	シ	SHI	On		
四	シ	SHI	On		
四	よっ	yoxtsu	Kun		よ
四	よ	yo	Kun		
四	よ.つ	yo.tsu	Kun		
四	よっ.つ	yoxtsu.tsu	Kun		
四	よん	yon	Kun		
市	シ	SHI	On		
市	いち	ichi	Kun		
矢	シ	SHI	On		
矢	や	ya	Kun		
旨	シ	SHI	On		
旨	むね	mune	Kun		
死	シ	SHI	On		
死	し.ぬ	shi.nu	Kun		
糸	シ	SHI	On		
糸	いと	ito	Kun		
至	シ	SHI	On		
至	いた.る	ita.ru	Kun		
伺	シ	SHI	On		
伺	うかが.う	ukaga.u	Kun		
志	シ	SHI	On		
志	こころざ.す	kokoroza.su	Kun		
志	こころざし	kokorozashi	Kun		
私	シ	SHI	On		
私	わたくし	watakushi	Kun		
私	わたし	watashi	Kun		
使	シ	SHI	On		
使	つか.う	tsuka.u	Kun		
刺	シ	SHI	On		
刺	さ.す	sa.su	Kun		
刺	さ.さる	sa.saru	Kun		
始	シ	SHI	On		
始	はじ.める	haji.meru	Kun		
始	はじ.まる	haji.maru	Kun		
姉	シ	SHI	On		
姉	あね	ane	Kun		
枝	シ	SHI	On		
枝	えだ	eda	Kun		
祉	シ	SHI	On		
肢	シ	SHI	On		
姿	シ	SHI	On		
姿	すがた	sugata	Kun		
思	シ	SHI	On		
思	おも.う	omo.u	Kun		
指	シ	SHI	On		
指	ゆび	yubi	Kun		
指	さ.す	sa.su	Kun		
施	シ	SHI	On		
施	セ	SE	On		
施	ほどこ.す	hodoko.su	Kun		
師	シ	SHI	On		
恣	シ	SHI	On		
紙	シ	SHI	On		
紙	かみ	kami	Kun		
脂	シ	SHI	On		
脂	あぶら	abura	Kun		
視	シ	SHI	On		
紫	シ	SHI	On		
紫	むらさき	murasaki	Kun		
詞	シ	SHI	On		
歯	シ	SHI	On		
歯	は	ha	Kun		
嗣	シ	SHI	On		
試	シ	SHI	On		
試	こころ.みる	kokoro.miru	Kun		
試	ため.す	tame.su	Kun		
詩	シ	SHI	On		
資	シ	SHI	On		
飼	シ	SHI	On		
飼	か.う	ka.u	Kun		
誌	シ	SHI	On		
雌	シ	SHI	On		
雌	め	me	Kun		
雌	めす	mesu	Kun		
摯	シ	SHI	On		
賜	シ	SHI	On		
賜	たまわ.る	tamawa.ru	Kun		
諮	シ	SHI	On		
諮	はか.る	haka.ru	Kun		
示	ジ	JI	On		
示	シ	SHI	On		
示	しめ.す	shime.su	Kun		
字	ジ	JI	On		
字	あざ	aza	Kun		
寺	ジ	JI	On		
寺	てら	tera	Kun		
次	ジ	JI	On		
次	シ	SHI	On		
次	つ.ぐ	tsu.gu	Kun		
次	つぎ	tsugi	Kun		
耳	ジ	JI	On		
耳	みみ	mimi	Kun		
自	ジ	JI	On		
自	シ	SHI	On		
自	みずか.ら	mizuka.ra	Kun		
似	ジ	JI	On		
似	に.る	ni.ru	Kun		
児	ジ	JI	On		
児	ニ	NI	On	Y	
事	ジ	JI	On		
事	ズ	ZU	On	Y	
事	こと	koto	Kun		
侍	ジ	JI	On		
侍	さむらい	samurai	Kun		
治	ジ	JI	On		
治	チ	CHI	On		
治	おさ.める	osa.meru	Kun		
治	おさ.まる	osa.maru	Kun		
治	なお.る	nao.ru	Kun		
治	なお.す	nao.su	Kun		
持	ジ	JI	On		
持	も.つ	mo.tsu	Kun		
時	ジ	JI	On		
時	とき	toki	Kun		
滋	ジ	JI	On		
慈	ジ	JI	On		
慈	いつく.しむ	itsuku.shimu	Kun		
辞	ジ	JI	On		
辞	や.める	ya.meru	Kun		
磁	ジ	JI	On		
餌	ジ	JI	On		
餌	えさ	esa	Kun		
餌	え	e	Kun		
璽	ジ	JI	On		
鹿	しか	shika	Kun		
鹿	か	ka	Kun	Y	
式	シキ	SHIKI	On		
識	シキ	SHIKI	On		
軸	ジク	JIKU	On		
七	シチ	SHICHI	On		
七	なな	nana	Kun		
七	なな.つ	nana.tsu	Kun		
七	なの	nano	Kun	Y	
叱	シツ	SHITSU	On		
叱	しか.る	shika.ru	Kun		
失	シツ	SHITSU	On		
失	うしな.う	ushina.u	Kun		
室	シツ	SHITSU	On		
室	むろ	muro	Kun		
疾	シツ	SHITSU	On		
執	シツ	SHITSU	On		
執	シュウ	SHUU	On		
執	と.る	to.ru	Kun		
湿	シツ	SHITSU	On		
湿	しめ.る	shime.ru	Kun		
湿	しめ.す	shime.su	Kun		
嫉	シツ	SHITSU	On		
漆	シツ	SHITSU	On		
漆	うるし	urushi	Kun		
質	シツ	SHITSU	On		
質	シチ	SHICHI	On		
質	チ	CHI	On	Y	
実	ジツ	JITSU	On		
実	み	mi	Kun		
実	みの.る	mino.ru	Kun		
芝	しば	shiba	Kun		
写	シャ	SHA	On		
写	うつ.す	utsu.su	Kun		
写	うつ.る	utsu.ru	Kun		
社	シャ	SHA	On		
社	やしろ	yashiro	Kun		
車	シャ	SHA	On		
車	くるま	kuruma	Kun		
舎	シャ	SHA	On		
者	シャ	SHA	On		
者	もの	mono	Kun		
射	シャ	SHA	On		
射	い.る	i.ru	Kun		
捨	シャ	SHA	On		
捨	す.てる	su.teru	Kun		
赦	シャ	SHA	On		
斜	シャ	SHA	On		
斜	なな.め	nana.me	Kun		
煮	シャ	SHA	On		
煮	に.る	ni.ru	Kun		
煮	に.える	ni.eru	Kun		
煮	に.やす	ni.yasu	Kun		
遮	シャ	SHA	On		
遮	さえぎ.る	saegi.ru	Kun		
謝	シャ	SHA	On		
謝	あやま.る	ayama.ru	Kun		
邪	ジャ	JA	On		
蛇	ジャ	JA	On		
蛇	ダ	DA	On		
蛇	へび	hebi	Kun		
尺	シャク	SHAKU	On		
借	シャク	SHAKU	On		
借	か.りる	ka.riru	Kun		
酌	シャク	SHAKU	On		
酌	く.む	ku.mu	Kun		
釈	シャク	SHAKU	On		
爵	シャク	SHAKU	On		
若	ジャク	JAKU	On		
若	ニャク	NYAKU	On	Y	
若	わか.い	waka.i	Kun		
若	も.しくは	mo.shikuha	Kun		
弱	ジャク	JAKU	On		
弱	よわ.い	yowa.i	Kun		
弱	よわ.る	yowa.ru	Kun		
弱	よわ.まる	yowa.maru	Kun		
弱	よわ.める	yowa.meru	Kun		
寂	ジャク	JAKU	On		
寂	セキ	SEKI	On	Y	
寂	さび	sabi	Kun		
寂	さび.しい	sabi.shii	Kun		
寂	さび.れる	sabi.reru	Kun		
手	シュ	SHU	On		
手	て	te	Kun		
手	た	ta	Kun	Y	
主	シュ	SHU	On		
主	ス	SU	On	Y	
主	ぬし	nushi	Kun		
主	おも	omo	Kun		
守	シュ	SHU	On		
守	ス	SU	On	Y	
守	まも.る	mamo.ru	Kun		
守	も.り	mo.ri	Kun		
朱	シュ	SHU	On		
取	シュ	SHU	On		
取	と.る	to.ru	Kun		
狩	シュ	SHU	On		
狩	か.る	ka.ru	Kun		
狩	か.り	ka.ri	Kun		
首	シュ	SHU	On		
首	くび	kubi	Kun		
殊	シュ	SHU	On		
殊	こと	koto	Kun		
珠	シュ	SHU	On		
酒	シュ	SHU	On		
酒	さけ	sake	Kun		
酒	さか	saka	Kun	Y	
腫	シュ	SHU	On		
腫	は.れる	ha.reru	Kun		
腫	は.らす	ha.rasu	Kun		
種	シュ	SHU	On		
種	たね	tane	Kun		
趣	シュ	SHU	On		
趣	おもむき	omomuki	Kun		
寿	ジュ	JU	On		
寿	ことぶき	kotobuki	Kun		
受	ジュ	JU	On		
受	うけ.る	uke.ru	Kun		
受	う.ける	u.keru	Kun		
受	う.かる	u.karu	Kun		
呪	ジュ	JU	On		
呪	のろ.う	noro.u	Kun		
授	ジュ	JU	On		
授	さず.ける	sazu.keru	Kun		
授	さず.かる	sazu.karu	Kun		
需	ジュ	JU	On		
儒	ジュ	JU	On		
樹	ジュ	JU	On		
収	シュウ	SHUU	On		
収	おさ.める	osa.meru	Kun		
収	おさ.まる	osa.maru	Kun		
囚	シュウ	SHUU	On		
州	シュウ	SHUU	On		
州	す	su	Kun		
舟	シュウ	SHUU	On		
舟	ふね	fune	Kun		
舟	ふな	funa	Kun	Y	
秀	シュウ	SHUU	On		
秀	ひい.でる	hii.deru	Kun		
周	シュウ	SHUU	On		
周	まわ.り	mawa.ri	Kun		
宗	シュウ	SHUU	On		
宗	ソウ	SOU	On		
拾	シュウ	SHUU	On		
拾	ジュウ	JUU	On		
拾	ひろ.う	hiro.u	Kun		
秋	シュウ	SHUU	On		
秋	あき	aki	Kun		
臭	シュウ	SHUU	On		
臭	くさ.い	kusa.i	Kun		
臭	にお.う	nio.u	Kun		
修	シュウ	SHUU	On		
修	シュ	SHU	On	Y	
修	おさ.める	osa.meru	Kun		
修	おさ.まる	osa.maru	Kun		
袖	シュウ	SHUU	On		
袖	そで	sode	Kun		
終	シュウ	SHUU	On		
終	お.わる	o.waru	Kun		
終	お.える	o.eru	Kun		
羞	シュウ	SHUU	On		
習	シュウ	SHUU	On		
習	なら.う	nara.u	Kun		
週	シュウ	SHUU	On		
就	シュウ	SHUU	On		
就	ジュ	JU	On	Y	
就	つ.く	tsu.ku	Kun		
就	つ.ける	tsu.keru	Kun		
衆	シュウ	SHUU	On		
衆	シュ	SHU	On	Y	
集	シュウ	SHUU	On		
集	あつ.まる	atsu.maru	Kun		
集	あつ.める	atsu.meru	Kun		
集	つど.う	tsudo.u	Kun		
愁	シュウ	SHUU	On		
愁	うれ.える	ure.eru	Kun		
愁	うれ.い	ure.i	Kun		
酬	シュウ	SHUU	On		
醜	シュウ	SHUU	On		
醜	みにく.い	miniku.i	Kun		
蹴	シュウ	SHUU	On		
蹴	け.る	ke.ru	Kun		
襲	シュウ	SHUU	On		
襲	おそ.う	oso.u	Kun		
十	ジュウ	JUU	On		
十	ジッ	JIXTSU	On		
十	とお	too	Kun		
十	と	to	Kun		
汁	ジュウ	JUU	On		
汁	しる	shiru	Kun		
充	ジュウ	JUU	On		
充	あ.てる	a.teru	Kun		
住	ジュウ	JUU	On		
住	す.む	su.mu	Kun		
住	す.まう	su.mau	Kun		
柔	ジュウ	JUU	On		
柔	ニュウ	NYUU	On		
柔	やわ.らか	yawa.raka	Kun		
柔	やわ.らかい	yawa.rakai	Kun		
重	ジュウ	JUU	On		
重	チョウ	CHOU	On		
重	え	e	Kun		
重	おも.い	omo.i	Kun		
重	かさ.ねる	kasa.neru	Kun		
重	かさ.なる	kasa.naru	Kun		
従	ジュウ	JUU	On		
従	ショウ	SHOU	On	Y	
従	ジュ	JU	On	Y	
従	したが.う	shitaga.u	Kun		
従	したが.える	shitaga.eru	Kun		
渋	ジュウ	JUU	On		
渋	しぶ	shibu	Kun		
渋	しぶ.い	shibu.i	Kun		
渋	しぶ.る	shibu.ru	Kun		
銃	ジュウ	JUU	On		
獣	ジュウ	JUU	On		
獣	けもの	kemono	Kun		
縦	ジュウ	JUU	On		
縦	たて	tate	Kun		
叔	シュク	SHUKU	On		
祝	シュク	SHUKU	On		
祝	シュウ	SHUU	On	Y	
祝	いわ.う	iwa.u	Kun		
宿	シュク	SHUKU	On		
宿	やど	yado	Kun		
宿	やど.る	yado.ru	Kun		
宿	やど.す	yado.su	Kun		
淑	シュク	SHUKU	On		
粛	シュク	SHUKU	On		
縮	シュク	SHUKU	On		
縮	ちぢ.む	chidi.mu	Kun		
縮	ちぢ.まる	chidi.maru	Kun		
縮	ちぢ.める	chidi.meru	Kun		
縮	ちぢ.れる	chidi.reru	Kun		
縮	ちぢ.らす	chidi.rasu	Kun		
塾	ジュク	JUKU	On		
熟	ジュク	JUKU	On		
熟	う.れる	u.reru	Kun		
出	シュツ	SHUTSU	On		
出	スイ	SUI	On	Y	
出	で.る	de.ru	Kun		
出	だ.す	da.su	Kun		
述	ジュツ	JUTSU	On		
述	の.べる	no.beru	Kun		
術	ジュツ	JUTSU	On		
俊	シュン	SHUN	On		
春	シュン	SHUN	On		
春	はる	haru	Kun		
瞬	シュン	SHUN	On		
瞬	またた.く	matata.ku	Kun		
旬	ジュン	JUN	On		
旬	シュン	SHUN	On	Y	
巡	ジュン	JUN	On		
巡	めぐ.る	megu.ru	Kun		
盾	ジュン	JUN	On		
盾	たて	tate	Kun		
准	ジュン	JUN	On		
殉	ジュン	JUN	On		
純	ジュン	JUN	On		
循	ジュン	JUN	On		
順	ジュン	JUN	On		
準	ジュン	JUN	On		
潤	ジュン	JUN	On		
潤	うるお.う	uruo.u	Kun		
潤	うるお.す	uruo.su	Kun		
潤	うる.む	uru.mu	Kun		
遵	ジュン	JUN	On		
処	ショ	SHO	On		
初	ショ	SHO	On		
初	はじ.め	haji.me	Kun		
初	はじ.めて	haji.mete	Kun		
初	はつ	hatsu	Kun		
初	うい	ui	Kun		
初	そ.める	so.meru	Kun		
所	ショ	SHO	On		
所	ところ	tokoro	Kun		
書	ショ	SHO	On		
書	か.く	ka.ku	Kun		
庶	ショ	SHO	On		
暑	ショ	SHO	On		
暑	あつ.い	atsu.i	Kun		
署	ショ	SHO	On		
緒	ショ	SHO	On		
緒	チョ	CHO	On	Y	
緒	お	o	Kun		
諸	ショ	SHO	On		
女	ジョ	JO	On		
女	ニョ	NYO	On		
女	ニョウ	NYOU	On	Y	
女	おんな	on'na	Kun		
女	め	me	Kun		
如	ジョ	JO	On		
如	ニョ	NYO	On		
助	ジョ	JO	On		
助	たす.ける	tasu.keru	Kun		
助	たす.かる	tasu.karu	Kun		
助	すけ	suke	Kun		
序	ジョ	JO	On		
叙	ジョ	JO	On		
徐	ジョ	JO	On		
除	ジョ	JO	On		
除	ジ	JI	On	Y	
除	のぞ.く	nozo.ku	Kun		
小	ショウ	SHOU	On		
小	ちい.さい	chii.sai	Kun		
小	こ	ko	Kun		
小	お	o	Kun		
升	ショウ	SHOU	On		
升	ます	masu	Kun		
少	ショウ	SHOU	On		
少	すく.ない	suku.nai	Kun		
少	すこ.し	suko.shi	Kun		
召	ショウ	SHOU	On		
召	め.す	me.su	Kun		
匠	ショウ	SHOU	On		
床	ショウ	SHOU	On		
床	とこ	toko	Kun		
床	ゆか	yuka	Kun		
抄	ショウ	SHOU	On		
肖	ショウ	SHOU	On		
尚	ショウ	SHOU	On		
招	ショウ	SHOU	On		
招	まね.く	mane.ku	Kun		
承	ショウ	SHOU	On		
承	うけたまわ.る	uketamawa.ru	Kun		
昇	ショウ	SHOU	On		
昇	のぼ.る	nobo.ru	Kun		
松	ショウ	SHOU	On		
松	まつ	matsu	Kun		
沼	ショウ	SHOU	On		
沼	ぬま	numa	Kun		
昭	ショウ	SHOU	On		
宵	ショウ	SHOU	On		
宵	よい	yoi	Kun		
将	ショウ	SHOU	On		
消	ショウ	SHOU	On		
消	き.える	ki.eru	Kun		
消	け.す	ke.su	Kun		
症	ショウ	SHOU	On		
祥	ショウ	SHOU	On		
称	ショウ	SHOU	On		
笑	ショウ	SHOU	On		
笑	わら.う	wara.u	Kun		
笑	え.む	e.mu	Kun		
唱	ショウ	SHOU	On		
唱	とな.える	tona.eru	Kun		
商	ショウ	SHOU	On		
商	あきな.う	akina.u	Kun		
渉	ショウ	SHOU	On		
章	ショウ	SHOU	On		
紹	ショウ	SHOU	On		
訟	ショウ	SHOU	On		
勝	ショウ	SHOU	On		
勝	か.つ	ka.tsu	Kun		
勝	まさ.る	masa.ru	Kun		
掌	ショウ	SHOU	On		
晶	ショウ	SHOU	On		
焼	ショウ	SHOU	On		
焼	や.く	ya.ku	Kun		
焼	や.ける	ya.keru	Kun		
焦	ショウ	SHOU	On		
焦	こ.げる	ko.geru	Kun		
焦	こ.がす	ko.gasu	Kun		
焦	こ.がれる	ko.gareru	Kun		
焦	あせ.る	ase.ru	Kun		
硝	ショウ	SHOU	On		
粧	ショウ	SHOU	On		
詔	ショウ	SHOU	On		
詔	みことのり	mikotonori	Kun		
証	ショウ	SHOU	On		
象	ショウ	SHOU	On		
象	ゾウ	ZOU	On		
傷	ショウ	SHOU	On		
傷	きず	kizu	Kun		
傷	いた.む	ita.mu	Kun		
傷	いた.める	ita.meru	Kun		
奨	ショウ	SHOU	On		
照	ショウ	SHOU	On		
照	て.る	te.ru	Kun		
照	て.らす	te.rasu	Kun		
照	て.れる	te.reru	Kun		
詳	ショウ	SHOU	On		
詳	くわ.しい	kuwa.shii	Kun		
彰	ショウ	SHOU	On		
障	ショウ	SHOU	On		
障	さわ.る	sawa.ru	Kun		
憧	ショウ	SHOU	On		
憧	あこが.れる	akoga.reru	Kun		
衝	ショウ	SHOU	On		
賞	ショウ	SHOU	On		
償	ショウ	SHOU	On		
償	つぐな.う	tsuguna.u	Kun		
礁	ショウ	SHOU	On		
鐘	ショウ	SHOU	On		
鐘	かね	kane	Kun		
上	ジョウ	JOU	On		
上	ショウ	SHOU	On	Y	
上	うえ	ue	Kun		
上	うわ	uwa	Kun	Y	
上	かみ	kami	Kun		
上	あ.げる	a.geru	Kun		
上	あ.がる	a.garu	Kun		
上	のぼ.る	nobo.ru	Kun		
上	のぼ.せる	nobo.seru	Kun		
上	のぼ.す	nobo.su	Kun		
丈	ジョウ	JOU	On		
丈	たけ	take	Kun		
冗	ジョウ	JOU	On		
条	ジョウ	JOU	On		
状	ジョウ	JOU	On		
乗	ジョウ	JOU	On		
乗	の.る	no.ru	Kun		
乗	の.せる	no.seru	Kun		
城	ジョウ	JOU	On		
城	しろ	shiro	Kun		
浄	ジョウ	JOU	On		
剰	ジョウ	JOU	On		
常	ジョウ	JOU	On		
常	つね	tsune	Kun		
常	とこ	toko	Kun		
情	ジョウ	JOU	On		
情	セイ	SEI	On	Y	
情	なさ.け	nasa.ke	Kun		
場	ジョウ	JOU	On		
場	ば	ba	Kun		
畳	ジョウ	JOU	On		
畳	たた.む	tata.mu	Kun		
畳	たたみ	tatami	Kun		
蒸	ジョウ	JOU	On		
蒸	む.す	mu.su	Kun		
蒸	む.れる	mu.reru	Kun		
蒸	む.らす	mu.rasu	Kun		
縄	ジョウ	JOU	On		
縄	なわ	nawa	Kun		
壌	ジョウ	JOU	On		
嬢	ジョウ	JOU	On		
錠	ジョウ	JOU	On		
譲	ジョウ	JOU	On		
譲	ゆず.る	yuzu.ru	Kun		
醸	ジョウ	JOU	On		
醸	かも.す	kamo.su	Kun		
色	ショク	SHOKU	On		
色	シキ	SHIKI	On		
色	いろ	iro	Kun		
拭	ショク	SHOKU	On		
拭	ふ.く	fu.ku	Kun		
拭	ぬぐ.う	nugu.u	Kun		
食	ショク	SHOKU	On		
食	ジキ	JIKI	On	Y	
食	く.う	ku.u	Kun		
食	く.らう	ku.rau	Kun		
食	た.べる	ta.beru	Kun		
植	ショク	SHOKU	On		
植	うえ.る	ue.ru	Kun		
植	う.える	u.eru	Kun		
植	う.わる	u.waru	Kun		
殖	ショク	SHOKU	On		
殖	ふ.える	fu.eru	Kun		
殖	ふ.やす	fu.yasu	Kun		
飾	ショク	SHOKU	On		
飾	かざ.る	kaza.ru	Kun		
触	ショク	SHOKU	On		
触	ふ.れる	fu.reru	Kun		
触	さわ.る	sawa.ru	Kun		
嘱	ショク	SHOKU	On		
織	ショク	SHOKU	On		
織	シキ	SHIKI	On		
織	お.る	o.ru	Kun		
職	ショク	SHOKU	On		
辱	ジョク	JOKU	On		
辱	はずかし.める	hazukashi.meru	Kun		
尻	しり	shiri	Kun		
心	シン	SHIN	On		
心	こころ	kokoro	Kun		
申	シン	SHIN	On		
申	もう.す	mou.su	Kun		
伸	シン	SHIN	On		
伸	の.びる	no.biru	Kun		
伸	の.ばす	no.basu	Kun		
伸	の.べる	no.beru	Kun		
臣	シン	SHIN	On		
臣	ジン	JIN	On		
芯	シン	SHIN	On		
身	シン	SHIN	On		
身	み	mi	Kun		
辛	シン	SHIN	On		
辛	から.い	kara.i	Kun		
侵	シン	SHIN	On		
侵	おか.す	oka.su	Kun		
信	シン	SHIN	On		
津	シン	SHIN	On		
津	つ	tsu	Kun		
神	シン	SHIN	On		
神	ジン	JIN	On		
神	かみ	kami	Kun		
神	かん	kan	Kun	Y	
神	こう	kou	Kun	Y	
唇	シン	SHIN	On		
唇	くちびる	kuchibiru	Kun		
娠	シン	SHIN	On		
振	シン	SHIN	On		
振	ふ.る	fu.ru	Kun		
振	ふ.るう	fu.ruu	Kun		
振	ふ.れる	fu.reru	Kun		
浸	シン	SHIN	On		
浸	ひた.す	hita.su	Kun		
浸	ひた.る	hita.ru	Kun		
真	シン	SHIN	On		
真	ま	ma	Kun		
針	シン	SHIN	On		
針	はり	hari	Kun		
深	シン	SHIN	On		
深	ふか.い	fuka.i	Kun		
深	ふか.まる	fuka.maru	Kun		
深	ふか.める	fuka.meru	Kun		
紳	シン	SHIN	On		
進	シン	SHIN	On		
進	すす.む	susu.mu	Kun		
進	すす.める	susu.meru	Kun		
森	シン	SHIN	On		
森	もり	mori	Kun		
診	シン	SHIN	On		
診	み.る	mi.ru	Kun		
寝	シン	SHIN	On		
寝	ね.る	ne.ru	Kun		
寝	ね.かす	ne.kasu	Kun		
慎	シン	SHIN	On		
慎	つつし.む	tsutsushi.mu	Kun		
新	シン	SHIN	On		
新	あたら.しい	atara.shii	Kun		
新	あら.た	ara.ta	Kun		
新	にい	nii	Kun		
審	シン	SHIN	On		
震	シン	SHIN	On		
震	ふる.う	furu.u	Kun		
震	ふる.える	furu.eru	Kun		
薪	シン	SHIN	On		
薪	たきぎ	takigi	Kun		
親	シン	SHIN	On		
親	おや	oya	Kun		
親	した.しい	shita.shii	Kun		
親	した.しむ	shita.shimu	Kun		
人	ジン	JIN	On		
人	ニン	NIN	On		
人	ひと	hito	Kun		
刃	ジン	JIN	On		
刃	は	ha	Kun		
仁	ジン	JIN	On		
仁	ニ	NI	On	Y	
尽	ジン	JIN	On		
尽	つ.くす	tsu.kusu	Kun		
尽	つ.きる	tsu.kiru	Kun		
尽	つ.かす	tsu.kasu	Kun		
迅	ジン	JIN	On		
甚	ジン	JIN	On		
甚	はなは.だ	hanaha.da	Kun		
甚	はなは.だしい	hanaha.dashii	Kun		
陣	ジン	JIN	On		
尋	ジン	JIN	On		
尋	たず.ねる	tazu.neru	Kun		
腎	ジン	JIN	On		
須	ス	SU	On		
図	ズ	ZU	On		
図	ト	TO	On		
図	はか.る	haka.ru	Kun		
水	スイ	SUI	On		
水	みず	mizu	Kun		
吹	スイ	SUI	On		
吹	ふ.く	fu.ku	Kun		
垂	スイ	SUI	On		
垂	た.れる	ta.reru	Kun		
垂	た.らす	ta.rasu	Kun		
炊	スイ	SUI	On		
炊	た.く	ta.ku	Kun		
帥	スイ	SUI	On		
粋	スイ	SUI	On		
粋	いき	iki	Kun		
衰	スイ	SUI	On		
衰	おとろ.える	otoro.eru	Kun		
推	スイ	SUI	On		
推	お.す	o.su	Kun		
酔	スイ	SUI	On		
酔	よ.う	yo.u	Kun		
遂	スイ	SUI	On		
遂	と.げる	to.geru	Kun		
睡	スイ	SUI	On		
穂	スイ	SUI	On		
穂	ほ	ho	Kun		
随	ズイ	ZUI	On		
髄	ズイ	ZUI	On		
枢	スウ	SUU	On		
崇	スウ	SUU	On		
数	スウ	SUU	On		
数	ス	SU	On	Y	
数	かず	kazu	Kun		
数	かぞ.える	kazo.eru	Kun		
据	す.える	su.eru	Kun		
据	す.わる	su.waru	Kun		
杉	すぎ	sugi	Kun		
裾	すそ	suso	Kun		
寸	スン	SUN	On		
瀬	せ	se	Kun		
是	ゼ	ZE	On		
井	セイ	SEI	On		
井	ショウ	SHOU	On	Y	
井	い	i	Kun		
世	セイ	SEI	On		
世	セ	SE	On		
世	よ	yo	Kun		
正	セイ	SEI	On		
正	ショウ	SHOU	On		
正	ただ.しい	tada.shii	Kun		
正	ただ.す	tada.su	Kun		
正	まさ	masa	Kun		
生	セイ	SEI	On		
生	ショウ	SHOU	On		
生	い.きる	i.kiru	Kun		
生	い.かす	i.kasu	Kun		
生	い.ける	i.keru	Kun		
生	う.まれる	u.mareru	Kun		
生	う.む	u.mu	Kun		
生	お.う	o.u	Kun		
生	は.える	ha.eru	Kun		
生	は.やす	ha.yasu	Kun		
生	き	ki	Kun		
生	なま	nama	Kun		
成	セイ	SEI	On		
成	ジョウ	JOU	On	Y	
成	な.る	na.ru	Kun		
成	な.す	na.su	Kun		
西	セイ	SEI	On		
西	サイ	SAI	On		
西	にし	nishi	Kun		
声	セイ	SEI	On		
声	ショウ	SHOU	On	Y	
声	こえ	koe	Kun		
声	こわ	kowa	Kun	Y	
制	セイ	SEI	On		
姓	セイ	SEI	On		
姓	ショウ	SHOU	On		
征	セイ	SEI	On		
性	セイ	SEI	On		
性	ショウ	SHOU	On		
青	セイ	SEI	On		
青	ショウ	SHOU	On	Y	
青	あお	ao	Kun		
青	あお.い	ao.i	Kun		
斉	セイ	SEI	On		
政	セイ	SEI	On		
政	ショウ	SHOU	On	Y	
政	まつりごと	matsurigoto	Kun		
星	セイ	SEI	On		
星	ショウ	SHOU	On	Y	
星	ほし	hoshi	Kun		
牲	セイ	SEI	On		
省	セイ	SEI	On		
省	ショウ	SHOU	On		
省	かえり.みる	kaeri.miru	Kun		
省	はぶ.く	habu.ku	Kun		
凄	セイ	SEI	On		
逝	セイ	SEI	On		
逝	ゆ.く	yu.ku	Kun		
逝	い.く	i.ku	Kun		
清	セイ	SEI	On		
清	ショウ	SHOU	On	Y	
清	きよ.い	kiyo.i	Kun		
清	きよ.まる	kiyo.maru	Kun		
清	きよ.める	kiyo.meru	Kun		
盛	セイ	SEI	On		
盛	ジョウ	JOU	On	Y	
盛	も.る	mo.ru	Kun		
盛	さか.る	saka.ru	Kun		
盛	さか.ん	saka.n	Kun		
婿	セイ	SEI	On		
婿	むこ	muko	Kun		
晴	セイ	SEI	On		
晴	は.れる	ha.reru	Kun		
晴	は.らす	ha.rasu	Kun		
勢	セイ	SEI	On		
勢	いきお.い	ikio.i	Kun		
聖	セイ	SEI	On		
誠	セイ	SEI	On		
誠	まこと	makoto	Kun		
精	セイ	SEI	On		
精	ショウ	SHOU	On	Y	
製	セイ	SEI	On		
誓	セイ	SEI	On		
誓	ちか.う	chika.u	Kun		
静	セイ	SEI	On		
静	ジョウ	JOU	On	Y	
静	しず	shizu	Kun		
静	しず.か	shizu.ka	Kun		
静	しず.まる	shizu.maru	Kun		
静	しず.める	shizu.meru	Kun		
請	セイ	SEI	On		
請	シン	SHIN	On	Y	
請	こ.う	ko.u	Kun		
請	うけ.る	uke.ru	Kun		
請	う.ける	u.keru	Kun		
整	セイ	SEI	On		
整	ととの.える	totono.eru	Kun		
整	ととの.う	totono.u	Kun		
醒	セイ	SEI	On		
税	ゼイ	ZEI	On		
夕	セキ	SEKI	On		
夕	ゆう	yuu	Kun		
斥	セキ	SEKI	On		
石	セキ	SEKI	On		
石	シャク	SHAKU	On	Y	
石	コク	KOKU	On	Y	
石	いし	ishi	Kun		
赤	セキ	SEKI	On		
赤	シャク	SHAKU	On	Y	
赤	あか	aka	Kun		
赤	あか.い	aka.i	Kun		
赤	あか.らむ	aka.ramu	Kun		
赤	あか.らめる	aka.rameru	Kun		
昔	セキ	SEKI	On		
昔	シャク	SHAKU	On	Y	
昔	むかし	mukashi	Kun		
析	セキ	SEKI	On		
席	セキ	SEKI	On		
脊	セキ	SEKI	On		
隻	セキ	SEKI	On		
惜	セキ	SEKI	On		
惜	お.しい	o.shii	Kun		
惜	お.しむ	o.shimu	Kun		
戚	セキ	SEKI	On		
責	セキ	SEKI	On		
責	せ.める	se.meru	Kun		
跡	セキ	SEKI	On		
跡	あと	ato	Kun		
積	セキ	SEKI	On		
積	つ.む	tsu.mu	Kun		
積	つ.もる	tsu.moru	Kun		
績	セキ	SEKI	On		
籍	セキ	SEKI	On		
切	セツ	SETSU	On		
切	サイ	SAI	On	Y	
切	き.る	ki.ru	Kun		
切	き.れる	ki.reru	Kun		
折	セツ	SETSU	On		
折	お.る	o.ru	Kun		
折	おり	ori	Kun		
折	お.れる	o.reru	Kun		
拙	セツ	SETSU	On		
拙	つたな.い	tsutana.i	Kun		
窃	セツ	SETSU	On		
接	セツ	SETSU	On		
接	つ.ぐ	tsu.gu	Kun		
設	セツ	SETSU	On		
設	もう.ける	mou.keru	Kun		
雪	セツ	SETSU	On		
雪	ゆき	yuki	Kun		
摂	セツ	SETSU	On		
節	セツ	SETSU	On		
節	セチ	SECHI	On	Y	
節	ふし	fushi	Kun		
説	セツ	SETSU	On		
説	ゼイ	ZEI	On	Y	
説	と.く	to.ku	Kun		
舌	ゼツ	ZETSU	On		
舌	した	shita	Kun		
絶	ゼツ	ZETSU	On		
絶	た.える	ta.eru	Kun		
絶	た.やす	ta.yasu	Kun		
絶	た.つ	ta.tsu	Kun		
千	セン	SEN	On		
千	ち	chi	Kun		
川	セン	SEN	On		
川	かわ	kawa	Kun		
仙	セン	SEN	On		
占	セン	SEN	On		
占	し.める	shi.meru	Kun		
占	うらな.う	urana.u	Kun		
先	セン	SEN	On		
先	さき	saki	Kun		
宣	セン	SEN	On		
専	セン	SEN	On		
専	もっぱ.ら	moppa.ra	Kun		
泉	セン	SEN	On		
泉	いずみ	izumi	Kun		
浅	セン	SEN	On		
浅	あさ.い	asa.i	Kun		
洗	セン	SEN	On		
洗	あら.う	ara.u	Kun		
染	セン	SEN	On		
染	そ.める	so.meru	Kun		
染	そ.まる	so.maru	Kun		
染	し.みる	shi.miru	Kun		
染	し.み	shi.mi	Kun		
扇	セン	SEN	On		
扇	おうぎ	ougi	Kun		
栓	セン	SEN	On		
旋	セン	SEN	On		
船	セン	SEN	On		
船	ふね	fune	Kun		
船	ふな	funa	Kun	Y	
戦	セン	SEN	On		
戦	いくさ	ikusa	Kun		
戦	たたか.う	tataka.u	Kun		
煎	セン	SEN	On		
煎	い.る	i.ru	Kun		
羨	セン	SEN	On		
羨	うらや.む	uraya.mu	Kun		
羨	うらや.ましい	uraya.mashii	Kun		
腺	セン	SEN	On		
詮	セン	SEN	On		
践	セン	SEN	On		
箋	セン	SEN	On		
銭	セン	SEN	On		
銭	ぜに	zeni	Kun		
潜	セン	SEN	On		
潜	ひそ.む	hiso.mu	Kun		
潜	もぐ.る	mogu.ru	Kun		
線	セン	SEN	On		
遷	セン	SEN	On		
選	セン	SEN	On		
選	えら.ぶ	era.bu	Kun		
薦	セン	SEN	On		
薦	すす.める	susu.meru	Kun		
繊	セン	SEN	On		
鮮	セン	SEN	On		
鮮	あざ.やか	aza.yaka	Kun		
全	ゼン	ZEN	On		
全	まった.く	matta.ku	Kun		
全	すべ.て	sube.te	Kun		
前	ゼン	ZEN	On		
前	まえ	mae	Kun		
善	ゼン	ZEN	On		
善	よ.い	yo.i	Kun		
然	ゼン	ZEN	On		
然	ネン	NEN	On		
禅	ゼン	ZEN	On		
漸	ゼン	ZEN	On		
膳	ゼン	ZEN	On		
繕	ゼン	ZEN	On		
繕	つくろ.う	tsukuro.u	Kun		
狙	ソ	SO	On		
狙	ねら.う	nera.u	Kun		
阻	ソ	SO	On		
阻	はば.む	haba.mu	Kun		
祖	ソ	SO	On		
租	ソ	SO	On		
素	ソ	SO	On		
素	ス	SU	On		
措	ソ	SO	On		
粗	ソ	SO	On		
粗	あら.い	ara.i	Kun		
組	ソ	SO	On		
組	く.む	ku.mu	Kun		
組	くみ	kumi	Kun		
疎	ソ	SO	On		
疎	うと.い	uto.i	Kun		
疎	うと.む	uto.mu	Kun		
訴	ソ	SO	On		
訴	うった.える	utta.eru	Kun		
塑	ソ	SO	On		
遡	ソ	SO	On		
遡	さかのぼ.る	sakanobo.ru	Kun		
礎	ソ	SO	On		
礎	いしずえ	ishizue	Kun		
双	ソウ	SOU	On		
双	ふた	futa	Kun		
壮	ソウ	SOU	On		
早	ソウ	SOU	On		
早	サッ	SAXTSU	On	Y	
早	はや.い	haya.i	Kun		
早	はや.まる	haya.maru	Kun		
早	はや.める	haya.meru	Kun		
争	ソウ	SOU	On		
争	あらそ.う	araso.u	Kun		
走	ソウ	SOU	On		
走	はし.る	hashi.ru	Kun		
奏	ソウ	SOU	On		
奏	かな.でる	kana.deru	Kun		
相	ソウ	SOU	On		
相	ショウ	SHOU	On		
相	あい	ai	Kun		
荘	ソウ	SOU	On		
草	ソウ	SOU	On		
草	くさ	kusa	Kun		
送	ソウ	SOU	On		
送	おく.る	oku.ru	Kun		
倉	ソウ	SOU	On		
倉	くら	kura	Kun		
捜	ソウ	SOU	On		
捜	さが.す	saga.su	Kun		
挿	ソウ	SOU	On		
挿	さ.す	sa.su	Kun		
桑	ソウ	SOU	On		
桑	くわ	kuwa	Kun		
巣	ソウ	SOU	On		
巣	す	su	Kun		
掃	ソウ	SOU	On		
掃	は.く	ha.ku	Kun		
曹	ソウ	SOU	On		
曽	ソウ	SOU	On		
曽	ゾ	ZO	On	Y	
爽	ソウ	SOU	On		
爽	さわ.やか	sawa.yaka	Kun		
窓	ソウ	SOU	On		
窓	まど	mado	Kun		
創	ソウ	SOU	On		
創	つく.る	tsuku.ru	Kun		
喪	ソウ	SOU	On		
喪	も	mo	Kun		
痩	ソウ	SOU	On		
痩	や.せる	ya.seru	Kun		
葬	ソウ	SOU	On		
葬	ほうむ.る	houmu.ru	Kun		
装	ソウ	SOU	On		
装	ショウ	SHOU	On		
装	よそお.う	yosoo.u	Kun		
僧	ソウ	SOU	On		
想	ソウ	SOU	On		
想	ソ	SO	On	Y	
層	ソウ	SOU	On		
総	ソウ	SOU	On		
遭	ソウ	SOU	On		
遭	あ.う	a.u	Kun		
槽	ソウ	SOU	On		
踪	ソウ	SOU	On		
操	ソウ	SOU	On		
操	みさお	misao	Kun		
操	あやつ.る	ayatsu.ru	Kun		
燥	ソウ	SOU	On		
霜	ソウ	SOU	On		
霜	しも	shimo	Kun		
騒	ソウ	SOU	On		
騒	さわ.ぐ	sawa.gu	Kun		
藻	ソウ	SOU	On		
藻	も	mo	Kun		
造	ゾウ	ZOU	On		
造	つく.る	tsuku.ru	Kun		
像	ゾウ	ZOU	On		
増	ゾウ	ZOU	On		
増	ま.す	ma.su	Kun		
増	ふ.える	fu.eru	Kun		
増	ふ.やす	fu.yasu	Kun		
憎	ゾウ	ZOU	On		
憎	にく.む	niku.mu	Kun		
憎	にく.い	niku.i	Kun		
憎	にく.らしい	niku.rashii	Kun		
憎	にく.しみ	niku.shimi	Kun		
蔵	ゾウ	ZOU	On		
蔵	くら	kura	Kun		
贈	ゾウ	ZOU	On		
贈	ソウ	SOU	On	Y	
贈	おく.る	oku.ru	Kun		
臓	ゾウ	ZOU	On		
即	ソク	SOKU	On		
束	ソク	SOKU	On		
束	たば	taba	Kun		
足	ソク	SOKU	On		
足	あし	ashi	Kun		
足	た.りる	ta.riru	Kun		
足	た.る	ta.ru	Kun		
足	た.す	ta.su	Kun		
促	ソク	SOKU	On		
促	うなが.す	unaga.su	Kun		
則	ソク	SOKU	On		
息	ソク	SOKU	On		
息	いき	iki	Kun		
捉	ソク	SOKU	On		
捉	とら.える	tora.eru	Kun		
速	ソク	SOKU	On		
速	はや.い	haya.i	Kun		
速	はや.める	haya.meru	Kun		
速	はや.まる	haya.maru	Kun		
速	すみ.やか	sumi.yaka	Kun		
側	ソク	SOKU	On		
側	がわ	gawa	Kun		
測	ソク	SOKU	On		
測	はか.る	haka.ru	Kun		
俗	ゾク	ZOKU	On		
族	ゾク	ZOKU	On		
属	ゾク	ZOKU	On		
賊	ゾク	ZOKU	On		
続	ゾク	ZOKU	On		
続	つづ.く	tsudu.ku	Kun		
続	つづ.ける	tsudu.keru	Kun		
卒	ソツ	SOTSU	On		
率	ソツ	SOTSU	On		
率	リツ	RITSU	On		
率	ひき.いる	hiki.iru	Kun		
存	ソン	SON	On		
存	ゾン	ZON	On		
村	ソン	SON	On		
村	むら	mura	Kun		
孫	ソン	SON	On		
孫	まご	mago	Kun		
尊	ソン	SON	On		
尊	たっと.い	tatto.i	Kun		
尊	とうと.い	touto.i	Kun		
尊	たっと.ぶ	tatto.bu	Kun		
尊	とうと.ぶ	touto.bu	Kun		
損	ソン	SON	On		
損	そこ.なう	soko.nau	Kun		
損	そこ.ねる	soko.neru	Kun		
遜	ソン	SON	On		
他	タ	TA	On		
他	ほか	hoka	Kun		
多	タ	TA	On		
多	おお.い	oo.i	Kun		
汰	タ	TA	On		
打	ダ	DA	On		
打	う.つ	u.tsu	Kun		
妥	ダ	DA	On		
唾	ダ	DA	On		
唾	つば	tsuba	Kun		
堕	ダ	DA	On		
惰	ダ	DA	On		
駄	ダ	DA	On		
太	タイ	TAI	On		
太	タ	TA	On		
太	ふと.い	futo.i	Kun		
太	ふと.る	futo.ru	Kun		
対	タイ	TAI	On		
対	ツイ	TSUI	On		
体	タイ	TAI	On		
体	テイ	TEI	On		
体	からだ	karada	Kun		
耐	タイ	TAI	On		
耐	た.える	ta.eru	Kun		
待	タイ	TAI	On		
待	ま.つ	ma.tsu	Kun		
怠	タイ	TAI	On		
怠	おこた.る	okota.ru	Kun		
怠	なま.ける	nama.keru	Kun		
胎	タイ	TAI	On		
退	タイ	TAI	On		
退	しりぞ.く	shirizo.ku	Kun		
退	しりぞ.ける	shirizo.keru	Kun		
帯	タイ	TAI	On		
帯	お.びる	o.biru	Kun		
帯	おび	obi	Kun		
泰	タイ	TAI	On		
堆	タイ	TAI	On		
袋	タイ	TAI	On		
袋	ふくろ	fukuro	Kun		
逮	タイ	TAI	On		
替	タイ	TAI	On		
替	かえ.る	kae.ru	Kun		
替	か.える	ka.eru	Kun		
替	か.わる	ka.waru	Kun		
貸	タイ	TAI	On		
貸	か.す	ka.su	Kun		
隊	タイ	TAI	On		
滞	タイ	TAI	On		
滞	とどこお.る	todokoo.ru	Kun		
態	タイ	TAI	On		
戴	タイ	TAI	On		
大	ダイ	DAI	On		
大	タイ	TAI	On		
大	おお	oo	Kun		
大	おお.きい	oo.kii	Kun		
大	おお.いに	oo.ini	Kun		
代	ダイ	DAI	On		
代	タイ	TAI	On		
代	か.わる	ka.waru	Kun		
代	か.える	ka.eru	Kun		
代	よ	yo	Kun		
代	しろ	shiro	Kun		
台	ダイ	DAI	On		
台	タイ	TAI	On		
第	ダイ	DAI	On		
題	ダイ	DAI	On		
滝	たき	taki	Kun		
宅	タク	TAKU	On		
択	タク	TAKU	On		
沢	タク	TAKU	On		
沢	さわ	sawa	Kun		
卓	タク	TAKU	On		
拓	タク	TAKU	On		
託	タク	TAKU	On		
濯	タク	TAKU	On		
諾	ダク	DAKU	On		
濁	ダク	DAKU	On		
濁	にご.る	nigo.ru	Kun		
濁	にご.す	nigo.su	Kun		
但	ただ.し	tada.shi	Kun		
達	タツ	TATSU	On		
脱	ダツ	DATSU	On		
脱	ぬ.ぐ	nu.gu	Kun		
脱	ぬ.げる	nu.geru	Kun		
奪	ダツ	DATSU	On		
奪	うば.う	uba.u	Kun		
棚	たな	tana	Kun		
誰	だれ	dare	Kun		
丹	タン	TAN	On		
旦	タン	TAN	On		
旦	ダン	DAN	On		
担	タン	TAN	On		
担	かつ.ぐ	katsu.gu	Kun		
担	にな.う	nina.u	Kun		
単	タン	TAN	On		
炭	タン	TAN	On		
炭	すみ	sumi	Kun		
胆	タン	TAN	On		
探	タン	TAN	On		
探	さぐ.る	sagu.ru	Kun		
探	さが.す	saga.su	Kun		
淡	タン	TAN	On		
淡	あわ.い	awa.i	Kun		
短	タン	TAN	On		
短	みじか.い	mijika.i	Kun		
嘆	タン	TAN	On		
嘆	なげ.く	nage.ku	Kun		
嘆	なげ.かわしい	nage.kawashii	Kun		
端	タン	TAN	On		
端	はし	hashi	Kun		
端	は	ha	Kun		
端	はた	hata	Kun		
綻	タン	TAN	On		
綻	ほころ.びる	hokoro.biru	Kun		
誕	タン	TAN	On		
鍛	タン	TAN	On		
鍛	きた.える	kita.eru	Kun		
団	ダン	DAN	On		
団	トン	TON	On	Y	
男	ダン	DAN	On		
男	ナン	NAN	On		
男	おとこ	otoko	Kun		
段	ダン	DAN	On		
断	ダン	DAN	On		
断	た.つ	ta.tsu	Kun		
断	ことわ.る	kotowa.ru	Kun		
弾	ダン	DAN	On		
弾	ひ.く	hi.ku	Kun		
弾	はず.む	hazu.mu	Kun		
弾	たま	tama	Kun		
暖	ダン	DAN	On		
暖	あたた.か	atata.ka	Kun		
暖	あたた.かい	atata.kai	Kun		
暖	あたた.まる	atata.maru	Kun		
暖	あたた.める	atata.meru	Kun		
談	ダン	DAN	On		
壇	ダン	DAN	On		
壇	タン	TAN	On	Y	
地	チ	CHI	On		
地	ジ	JI	On		
池	チ	CHI	On		
池	いけ	ike	Kun		
知	チ	CHI	On		
知	し.る	shi.ru	Kun		
値	チ	CHI	On		
値	ね	ne	Kun		
値	あたい	atai	Kun		
恥	チ	CHI	On		
恥	は.じる	ha.jiru	Kun		
恥	はじ	haji	Kun		
恥	は.じらう	ha.jirau	Kun		
恥	は.ずかしい	ha.zukashii	Kun		
致	チ	CHI	On		
致	いた.す	ita.su	Kun		
遅	チ	CHI	On		
遅	おく.れる	oku.reru	Kun		
遅	おく.らす	oku.rasu	Kun		
遅	おそ.い	oso.i	Kun		
痴	チ	CHI	On		
稚	チ	CHI	On		
置	チ	CHI	On		
置	お.く	o.ku	Kun		
緻	チ	CHI	On		
竹	チク	CHIKU	On		
竹	たけ	take	Kun		
畜	チク	CHIKU	On		
逐	チク	CHIKU	On		
蓄	チク	CHIKU	On		
蓄	たくわ.える	takuwa.eru	Kun		
築	チク	CHIKU	On		
築	きず.く	kizu.ku	Kun		
秩	チツ	CHITSU	On		
窒	チツ	CHITSU	On		
茶	チャ	CHA	On		
茶	サ	SA	On		
着	チャク	CHAKU	On		
着	ジャク	JAKU	On	Y	
着	き.る	ki.ru	Kun		
着	き.せる	ki.seru	Kun		
着	つ.く	tsu.ku	Kun		
着	つ.ける	tsu.keru	Kun		
嫡	チャク	CHAKU	On		
中	チュウ	CHUU	On		
中	ジュウ	JUU	On	Y	
中	なか	naka	Kun		
仲	チュウ	CHUU	On		
仲	なか	naka	Kun		
虫	チュウ	CHUU	On		
虫	むし	mushi	Kun		
沖	チュウ	CHUU	On		
沖	おき	oki	Kun		
宙	チュウ	CHUU	On		
忠	チュウ	CHUU	On		
抽	チュウ	CHUU	On		
注	チュウ	CHUU	On		
注	そそ.ぐ	soso.gu	Kun		
昼	チュウ	CHUU	On		
昼	ひる	hiru	Kun		
柱	チュウ	CHUU	On		
柱	はしら	hashira	Kun		
衷	チュウ	CHUU	On		
酎	チュウ	CHUU	On		
鋳	チュウ	CHUU	On		
鋳	い.る	i.ru	Kun		
駐	チュウ	CHUU	On		
著	チョ	CHO	On		
著	あらわ.す	arawa.su	Kun		
著	いちじる.しい	ichijiru.shii	Kun		
貯	チョ	CHO	On		
丁	チョウ	CHOU	On		
丁	テイ	TEI	On		
弔	チョウ	CHOU	On		
弔	とむら.う	tomura.u	Kun		
庁	チョウ	CHOU	On		
兆	チョウ	CHOU	On		
兆	きざ.す	kiza.su	Kun		
兆	きざ.し	kiza.shi	Kun		
町	チョウ	CHOU	On		
町	まち	machi	Kun		
長	チョウ	CHOU	On		
長	なが.い	naga.i	Kun		
挑	チョウ	CHOU	On		
挑	いど.む	ido.mu	Kun		
帳	チョウ	CHOU	On		
張	チョウ	CHOU	On		
張	は.る	ha.ru	Kun		
彫	チョウ	CHOU	On		
彫	ほ.る	ho.ru	Kun		
眺	チョウ	CHOU	On		
眺	なが.める	naga.meru	Kun		
釣	チョウ	CHOU	On		
釣	つ.る	tsu.ru	Kun		
頂	チョウ	CHOU	On		
頂	いただ.く	itada.ku	Kun		
頂	いただき	itadaki	Kun		
鳥	チョウ	CHOU	On		
鳥	とり	tori	Kun		
朝	チョウ	CHOU	On		
朝	あさ	asa	Kun		
貼	チョウ	CHOU	On		
貼	は.る	ha.ru	Kun		
超	チョウ	CHOU	On		
超	こ.える	ko.eru	Kun		
超	こ.す	ko.su	Kun		
腸	チョウ	CHOU	On		
跳	チョウ	CHOU	On		
跳	は.ねる	ha.neru	Kun		
跳	と.ぶ	to.bu	Kun		
徴	チョウ	CHOU	On		
嘲	チョウ	CHOU	On		
嘲	あざけ.る	azake.ru	Kun		
潮	チョウ	CHOU	On		
潮	しお	shio	Kun		
澄	チョウ	CHOU	On		
澄	す.む	su.mu	Kun		
澄	す.ます	su.masu	Kun		
調	チョウ	CHOU	On		
調	しら.べる	shira.beru	Kun		
調	ととの.う	totono.u	Kun		
調	ととの.える	totono.eru	Kun		
聴	チョウ	CHOU	On		
聴	き.く	ki.ku	Kun		
懲	チョウ	CHOU	On		
懲	こ.りる	ko.riru	Kun		
懲	こ.らす	ko.rasu	Kun		
懲	こ.らしめる	ko.rashimeru	Kun		
直	チョク	CHOKU	On		
直	ジキ	JIKI	On		
直	ただ.ちに	tada.chini	Kun		
直	なお.す	nao.su	Kun		
直	なお.る	nao.ru	Kun		
勅	チョク	CHOKU	On		
捗	チョク	CHOKU	On		
沈	チン	CHIN	On		
沈	しず.む	shizu.mu	Kun		
沈	しず.める	shizu.meru	Kun		
珍	チン	CHIN	On		
珍	めずら.しい	mezura.shii	Kun		
朕	チン	CHIN	On		
陳	チン	CHIN	On		
賃	チン	CHIN	On		
鎮	チン	CHIN	On		
鎮	しず.める	shizu.meru	Kun		
鎮	しず.まる	shizu.maru	Kun		
追	ツイ	TSUI	On		
追	お.う	o.u	Kun		
椎	ツイ	TSUI	On		
墜	ツイ	TSUI	On		
通	ツウ	TSUU	On		
通	ツ	TSU	On	Y	
通	とお.る	too.ru	Kun		
通	とお.す	too.su	Kun		
通	かよ.う	kayo.u	Kun		
痛	ツウ	TSUU	On		
痛	いた.い	ita.i	Kun		
痛	いた.む	ita.mu	Kun		
痛	いた.める	ita.meru	Kun		
塚	つか	tsuka	Kun		
漬	つけ.る	tsuke.ru	Kun		
漬	つ.ける	tsu.keru	Kun		
漬	つ.かる	tsu.karu	Kun		
坪	つぼ	tsubo	Kun		
爪	つめ	tsume	Kun		
爪	つま	tsuma	Kun	Y	
鶴	つる	tsuru	Kun		
低	テイ	TEI	On		
低	ひく.い	hiku.i	Kun		
低	ひく.める	hiku.meru	Kun		
低	ひく.まる	hiku.maru	Kun		
呈	テイ	TEI	On		
廷	テイ	TEI	On		
弟	テイ	TEI	On		
弟	ダイ	DAI	On	Y	
弟	デ	DE	On	Y	
弟	おとうと	otouto	Kun		
定	テイ	TEI	On		
定	ジョウ	JOU	On		
定	さだ.める	sada.meru	Kun		
定	さだ.まる	sada.maru	Kun		
定	さだ.か	sada.ka	Kun		
底	テイ	TEI	On		
底	そこ	soko	Kun		
抵	テイ	TEI	On		
邸	テイ	TEI	On		
亭	テイ	TEI	On		
貞	テイ	TEI	On		
帝	テイ	TEI	On		
訂	テイ	TEI	On		
庭	テイ	TEI	On		
庭	にわ	niwa	Kun		
逓	テイ	TEI	On		
停	テイ	TEI	On		
偵	テイ	TEI	On		
堤	テイ	TEI	On		
堤	つつみ	tsutsumi	Kun		
提	テイ	TEI	On		
提	さ.げる	sa.geru	Kun		
程	テイ	TEI	On		
程	ほど	hodo	Kun		
艇	テイ	TEI	On		
締	テイ	TEI	On		
締	し.まる	shi.maru	Kun		
締	し.める	shi.meru	Kun		
諦	テイ	TEI	On		
諦	あきら.める	akira.meru	Kun		
泥	デイ	DEI	On		
泥	どろ	doro	Kun		
的	テキ	TEKI	On		
的	まと	mato	Kun		
笛	テキ	TEKI	On		
笛	ふえ	fue	Kun		
摘	テキ	TEKI	On		
摘	つ.む	tsu.mu	Kun		
滴	テキ	TEKI	On		
滴	しずく	shizuku	Kun		
滴	したた.る	shitata.ru	Kun		
適	テキ	TEKI	On		
敵	テキ	TEKI	On		
敵	かたき	kataki	Kun		
溺	デキ	DEKI	On		
溺	おぼ.れる	obo.reru	Kun		
迭	テツ	TETSU	On		
哲	テツ	TETSU	On		
鉄	テツ	TETSU	On		
徹	テツ	TETSU	On		
撤	テツ	TETSU	On		
天	テン	TEN	On		
天	あめ	ame	Kun		
天	あま	ama	Kun	Y	
典	テン	TEN	On		
店	テン	TEN	On		
店	みせ	mise	Kun		
点	テン	TEN	On		
展	テン	TEN	On		
添	テン	TEN	On		
添	そ.える	so.eru	Kun		
添	そ.う	so.u	Kun		
転	テン	TEN	On		
転	ころ.がる	koro.garu	Kun		
転	ころ.げる	koro.geru	Kun		
転	ころ.がす	koro.gasu	Kun		
転	ころ.ぶ	koro.bu	Kun		
填	テン	TEN	On		
田	デン	DEN	On		
田	た	ta	Kun		
伝	デン	DEN	On		
伝	つた.わる	tsuta.waru	Kun		
伝	つた.える	tsuta.eru	Kun		
伝	つた.う	tsuta.u	Kun		
殿	デン	DEN	On		
殿	テン	TEN	On		
殿	との	tono	Kun		
殿	どの	dono	Kun		
電	デン	DEN	On		
斗	ト	TO	On		
吐	ト	TO	On		
吐	は.く	ha.ku	Kun		
妬	ト	TO	On		
妬	ねた.む	neta.mu	Kun		
徒	ト	TO	On		
途	ト	TO	On		
都	ト	TO	On		
都	ツ	TSU	On		
都	みやこ	miyako	Kun		
渡	ト	TO	On		
渡	わた.る	wata.ru	Kun		
渡	わた.す	wata.su	Kun		
塗	ト	TO	On		
塗	ぬ.る	nu.ru	Kun		
賭	ト	TO	On		
賭	か.ける	ka.keru	Kun		
土	ド	DO	On		
土	ト	TO	On		
土	つち	tsuchi	Kun		
奴	ド	DO	On		
努	ド	DO	On		
努	つと.める	tsuto.meru	Kun		
度	ド	DO	On		
度	ト	TO	On	Y	
度	タク	TAKU	On	Y	
度	たび	tabi	Kun		
怒	ド	DO	On		
怒	いか.る	ika.ru	Kun		
怒	おこ.る	oko.ru	Kun		
刀	トウ	TOU	On		
刀	かたな	katana	Kun		
冬	トウ	TOU	On		
冬	ふゆ	fuyu	Kun		
灯	トウ	TOU	On		
灯	ひ	hi	Kun		
当	トウ	TOU	On		
当	あ.たる	a.taru	Kun		
当	あ.てる	a.teru	Kun		
投	トウ	TOU	On		
投	な.げる	na.geru	Kun		
豆	トウ	TOU	On		
豆	ズ	ZU	On	Y	
豆	まめ	mame	Kun		
東	トウ	TOU	On		
東	ひがし	higashi	Kun		
到	トウ	TOU	On		
逃	トウ	TOU	On		
逃	に.げる	ni.geru	Kun		
逃	に.がす	ni.gasu	Kun		
逃	のが.す	noga.su	Kun		
逃	のが.れる	noga.reru	Kun		
倒	トウ	TOU	On		
倒	たお.れる	tao.reru	Kun		
倒	たお.す	tao.su	Kun		
凍	トウ	TOU	On		
凍	こお.る	koo.ru	Kun		
凍	こご.える	kogo.eru	Kun		
唐	トウ	TOU	On		
唐	から	kara	Kun		
島	トウ	TOU	On		
島	しま	shima	Kun		
桃	トウ	TOU	On		
桃	もも	momo	Kun		
討	トウ	TOU	On		
討	う.つ	u.tsu	Kun		
透	トウ	TOU	On		
透	す.く	su.ku	Kun		
透	す.かす	su.kasu	Kun		
透	す.ける	su.keru	Kun		
党	トウ	TOU	On		
悼	トウ	TOU	On		
悼	いた.む	ita.mu	Kun		
盗	トウ	TOU	On		
盗	ぬす.む	nusu.mu	Kun		
陶	トウ	TOU	On		
塔	トウ	TOU	On		
搭	トウ	TOU	On		
棟	トウ	TOU	On		
棟	むね	mune	Kun		
棟	むな	muna	Kun	Y	
湯	トウ	TOU	On		
湯	ゆ	yu	Kun		
痘	トウ	TOU	On		
登	トウ	TOU	On		
登	ト	TO	On		
登	のぼ.る	nobo.ru	Kun		
答	トウ	TOU	On		
答	こた.える	kota.eru	Kun		
答	こた.え	kota.e	Kun		
等	トウ	TOU	On		
等	ひと.しい	hito.shii	Kun		
筒	トウ	TOU	On		
筒	つつ	tsutsu	Kun		
統	トウ	TOU	On		
統	す.べる	su.beru	Kun		
稲	トウ	TOU	On		
稲	いね	ine	Kun		
稲	いな	ina	Kun	Y	
踏	トウ	TOU	On		
踏	ふ.む	fu.mu	Kun		
踏	ふ.まえる	fu.maeru	Kun		
糖	トウ	TOU	On		
頭	トウ	TOU	On		
頭	ズ	ZU	On		
頭	ト	TO	On	Y	
頭	あたま	atama	Kun		
頭	かしら	kashira	Kun		
謄	トウ	TOU	On		
藤	トウ	TOU	On		
藤	ふじ	fuji	Kun		
闘	トウ	TOU	On		
闘	たたか.う	tataka.u	Kun		
騰	トウ	TOU	On		
同	ドウ	DOU	On		
同	おな.じ	ona.ji	Kun		
洞	ドウ	DOU	On		
洞	ほら	hora	Kun		
胴	ドウ	DOU	On		
動	ドウ	DOU	On		
動	うご.く	ugo.ku	Kun		
動	うご.かす	ugo.kasu	Kun		
堂	ドウ	DOU	On		
童	ドウ	DOU	On		
童	わらべ	warabe	Kun		
道	ドウ	DOU	On		
道	トウ	TOU	On	Y	
道	みち	michi	Kun		
働	ドウ	DOU	On		
働	はたら.く	hatara.ku	Kun		
銅	ドウ	DOU	On		
導	ドウ	DOU	On		
導	みちび.く	michibi.ku	Kun		
瞳	ドウ	DOU	On		
瞳	ひとみ	hitomi	Kun		
峠	とうげ	touge	Kun		
匿	トク	TOKU	On		
特	トク	TOKU	On		
得	トク	TOKU	On		
得	え.る	e.ru	Kun		
得	う.る	u.ru	Kun		
督	トク	TOKU	On		
徳	トク	TOKU	On		
篤	トク	TOKU	On		
毒	ドク	DOKU	On		
独	ドク	DOKU	On		
独	ひと.り	hito.ri	Kun		
読	ドク	DOKU	On		
読	トク	TOKU	On		
読	トウ	TOU	On	Y	
読	よ.む	yo.mu	Kun		
栃	とち	tochi	Kun	Y	
凸	トツ	TOTSU	On		
突	トツ	TOTSU	On		
突	つ.く	tsu.ku	Kun		
届	とど.ける	todo.keru	Kun		
届	とど.く	todo.ku	Kun		
屯	トン	TON	On		
豚	トン	TON	On		
豚	ぶた	buta	Kun		
頓	トン	TON	On		
貪	ドン	DON	On		
貪	むさぼ.る	musabo.ru	Kun		
鈍	ドン	DON	On		
鈍	にぶ.い	nibu.i	Kun		
鈍	にぶ.る	nibu.ru	Kun		
曇	ドン	DON	On		
曇	くも.る	kumo.ru	Kun		
丼	どんぶり	donburi	Kun		
丼	どん	don	Kun	Y	
那	ナ	NA	On		
奈	ナ	NA	On		
内	ナイ	NAI	On		
内	ダイ	DAI	On	Y	
内	うち	uchi	Kun		
梨	なし	nashi	Kun		
謎	なぞ	nazo	Kun		
鍋	なべ	nabe	Kun		
南	ナン	NAN	On		
南	ナ	NA	On	Y	
南	みなみ	minami	Kun		
軟	ナン	NAN	On		
軟	やわ.らか	yawa.raka	Kun		
軟	やわ.らかい	yawa.rakai	Kun		
難	ナン	NAN	On		
難	かた.い	kata.i	Kun		
難	むずか.しい	muzuka.shii	Kun		
二	ニ	NI	On		
二	ふた	futa	Kun		
二	ふた.つ	futa.tsu	Kun		
尼	ニ	NI	On		
尼	あま	ama	Kun		
弐	ニ	NI	On		
匂	にお.う	nio.u	Kun		
肉	ニク	NIKU	On		
虹	にじ	niji	Kun		
日	ニチ	NICHI	On		
日	ジツ	JITSU	On		
日	ひ	hi	Kun		
日	か	ka	Kun		
入	ニュウ	NYUU	On		
入	い.る	i.ru	Kun		
入	い.れる	i.reru	Kun		
入	はい.る	hai.ru	Kun		
乳	ニュウ	NYUU	On		
乳	ちち	chichi	Kun		
乳	ち	chi	Kun		
尿	ニョウ	NYOU	On		
任	ニン	NIN	On		
任	まか.せる	maka.seru	Kun		
任	まか.す	maka.su	Kun		
妊	ニン	NIN	On		
忍	ニン	NIN	On		
忍	しの.ぶ	shino.bu	Kun		
忍	しの.ばせる	shino.baseru	Kun		
認	ニン	NIN	On		
認	みと.める	mito.meru	Kun		
寧	ネイ	NEI	On		
熱	ネツ	NETSU	On		
熱	あつ.い	atsu.i	Kun		
年	ネン	NEN	On		
年	とし	toshi	Kun		
念	ネン	NEN	On		
捻	ネン	NEN	On		
粘	ネン	NEN	On		
粘	ねば.る	neba.ru	Kun		
燃	ネン	NEN	On		
燃	も.える	mo.eru	Kun		
燃	も.やす	mo.yasu	Kun		
燃	も.す	mo.su	Kun		
悩	ノウ	NOU	On		
悩	なや.む	naya.mu	Kun		
悩	なや.ます	naya.masu	Kun		
納	ノウ	NOU	On		
納	ナッ	NAXTSU	On	Y	
納	ナ	NA	On	Y	
納	ナン	NAN	On	Y	
納	トウ	TOU	On	Y	
納	おさ.める	osa.meru	Kun		
納	おさ.まる	osa.maru	Kun		
能	ノウ	NOU	On		
脳	ノウ	NOU	On		
農	ノウ	NOU	On		
濃	ノウ	NOU	On		
濃	こ.い	ko.i	Kun		
把	ワ	WA	On		ハ
把	バ	BA	On		ハ
把	パ	PA	On		ハ
把	ハ	HA	On		
波	ハ	HA	On		
波	なみ	nami	Kun		
派	ハ	HA	On		
破	ハ	HA	On		
破	やぶ.る	yabu.ru	Kun		
破	やぶ.れる	yabu.reru	Kun		
覇	ハ	HA	On		
馬	バ	BA	On		
馬	うま	uma	Kun		
馬	ま	ma	Kun	Y	
婆	バ	BA	On		
罵	バ	BA	On		
罵	ののし.る	nonoshi.ru	Kun		
拝	ハイ	HAI	On		
拝	おが.む	oga.mu	Kun		
杯	ハイ	HAI	On		
杯	さかずき	sakazuki	Kun		
背	ハイ	HAI	On		
背	せ	se	Kun		
背	せい	sei	Kun		
背	そむ.く	somu.ku	Kun		
背	そむ.ける	somu.keru	Kun		
肺	ハイ	HAI	On		
俳	ハイ	HAI	On		
配	ハイ	HAI	On		
配	くば.る	kuba.ru	Kun		
排	ハイ	HAI	On		
敗	ハイ	HAI	On		
敗	やぶ.れる	yabu.reru	Kun		
廃	ハイ	HAI	On		
廃	すた.れる	suta.reru	Kun		
廃	すた.る	suta.ru	Kun		
輩	ハイ	HAI	On		
売	バイ	BAI	On		
売	う.る	u.ru	Kun		
売	う.れる	u.reru	Kun		
倍	バイ	BAI	On		
梅	バイ	BAI	On		
梅	うめ	ume	Kun		
培	バイ	BAI	On		
培	つちか.う	tsuchika.u	Kun		
陪	バイ	BAI	On		
媒	バイ	BAI	On		
買	バイ	BAI	On		
買	か.う	ka.u	Kun		
賠	バイ	BAI	On		
白	ハク	HAKU	On		
白	ビャク	BYAKU	On		
白	しろ	shiro	Kun		
白	しら	shira	Kun	Y	
白	しろ.い	shiro.i	Kun		
伯	ハク	HAKU	On		
拍	ハク	HAKU	On		
拍	ヒョウ	HYOU	On	Y	
泊	ハク	HAKU	On		
泊	と.まる	to.maru	Kun		
泊	と.める	to.meru	Kun		
迫	ハク	HAKU	On		
迫	せま.る	sema.ru	Kun		
剥	ハク	HAKU	On		
剥	は.がす	ha.gasu	Kun		
剥	は.ぐ	ha.gu	Kun		
剥	は.がれる	ha.gareru	Kun		
剥	は.げる	ha.geru	Kun		
舶	ハク	HAKU	On		
博	ハク	HAKU	On		
博	バク	BAKU	On	Y	
薄	ハク	HAKU	On		
薄	うす.い	usu.i	Kun		
薄	うす.める	usu.meru	Kun		
薄	うす.まる	usu.maru	Kun		
薄	うす.らぐ	usu.ragu	Kun		
薄	うす.れる	usu.reru	Kun		
麦	バク	BAKU	On		
麦	むぎ	mugi	Kun		
漠	バク	BAKU	On		
縛	バク	BAKU	On		
縛	しば.る	shiba.ru	Kun		
爆	バク	BAKU	On		
箱	はこ	hako	Kun		
箸	はし	hashi	Kun		
畑	はた	hata	Kun		
畑	はたけ	hatake	Kun		
肌	はだ	hada	Kun		
八	ハチ	HACHI	On		
八	や	ya	Kun		
八	や.つ	ya.tsu	Kun		
八	やっ.つ	yaxtsu.tsu	Kun		
八	よう	you	Kun	Y	
鉢	ハチ	HACHI	On		
鉢	ハツ	HATSU	On	Y	
発	ハツ	HATSU	On		
発	ホツ	HOTSU	On		
髪	ハツ	HATSU	On		
髪	かみ	kami	Kun		
伐	バツ	BATSU	On		
抜	バツ	BATSU	On		
抜	ぬ.く	nu.ku	Kun		
抜	ぬ.ける	nu.keru	Kun		
抜	ぬ.かす	nu.kasu	Kun		
抜	ぬ.かる	nu.karu	Kun		
罰	バツ	BATSU	On		
罰	バチ	BACHI	On		
閥	バツ	BATSU	On		
反	ハン	HAN	On		
反	ホン	HON	On	Y	
反	タン	TAN	On	Y	
反	そ.る	so.ru	Kun		
反	そ.らす	so.rasu	Kun		
半	ハン	HAN	On		
半	なか.ば	naka.ba	Kun		
氾	ハン	HAN	On		
犯	ハン	HAN	On		
犯	おか.す	oka.su	Kun		
帆	ハン	HAN	On		
帆	ほ	ho	Kun		
汎	ハン	HAN	On		
伴	ハン	HAN	On		
伴	バン	BAN	On		
伴	ともな.う	tomona.u	Kun		
判	ハン	HAN	On		
判	バン	BAN	On		
坂	ハン	HAN	On		
坂	さか	saka	Kun		
阪	ハン	HAN	On		
板	ハン	HAN	On		
板	バン	BAN	On		
板	いた	ita	Kun		
版	ハン	HAN	On		
班	ハン	HAN	On		
畔	ハン	HAN	On		
般	ハン	HAN	On		
販	ハン	HAN	On		
斑	ハン	HAN	On		
飯	ハン	HAN	On		
飯	めし	meshi	Kun		
搬	ハン	HAN	On		
煩	ハン	HAN	On		
煩	ボン	BON	On	Y	
煩	わずら.う	wazura.u	Kun		
煩	わずら.わす	wazura.wasu	Kun		
頒	ハン	HAN	On		
範	ハン	HAN	On		
繁	ハン	HAN	On		
藩	ハン	HAN	On		
晩	バン	BAN	On		
番	バン	BAN	On		
蛮	バン	BAN	On		
盤	バン	BAN	On		
比	ヒ	HI	On		
比	くら.べる	kura.beru	Kun		
皮	ヒ	HI	On		
皮	かわ	kawa	Kun		
妃	ヒ	HI	On		
否	ヒ	HI	On		
否	いな	ina	Kun		
批	ヒ	HI	On		
彼	ヒ	HI	On		
彼	かれ	kare	Kun		
彼	かの	kano	Kun	Y	
披	ヒ	HI	On		
肥	ヒ	HI	On		
肥	こ.える	ko.eru	Kun		
肥	こえ	koe	Kun		
肥	こ.やす	ko.yasu	Kun		
肥	こ.やし	ko.yashi	Kun		
非	ヒ	HI	On		
卑	ヒ	HI	On		
卑	いや.しい	iya.shii	Kun		
卑	いや.しむ	iya.shimu	Kun		
卑	いや.しめる	iya.shimeru	Kun		
飛	ヒ	HI	On		
飛	と.ぶ	to.bu	Kun		
飛	と.ばす	to.basu	Kun		
疲	ヒ	HI	On		
疲	つか.れる	tsuka.reru	Kun		
秘	ヒ	HI	On		
秘	ひ.める	hi.meru	Kun		
被	ヒ	HI	On		
被	こうむ.る	koumu.ru	Kun		
悲	ヒ	HI	On		
悲	かな.しい	kana.shii	Kun		
悲	かな.しむ	kana.shimu	Kun		
扉	ヒ	HI	On		
扉	とびら	tobira	Kun		
費	ヒ	HI	On		
費	つい.やす	tsui.yasu	Kun		
費	つい.える	tsui.eru	Kun		
碑	ヒ	HI	On		
罷	ヒ	HI	On		
避	ヒ	HI	On		
避	さ.ける	sa.keru	Kun		
尾	ビ	BI	On		
尾	お	o	Kun		
眉	ビ	BI	On		
眉	ミ	MI	On	Y	
眉	まゆ	mayu	Kun		
美	ビ	BI	On		
美	うつく.しい	utsuku.shii	Kun		
備	ビ	BI	On		
備	そな.える	sona.eru	Kun		
備	そな.わる	sona.waru	Kun		
微	ビ	BI	On		
鼻	ビ	BI	On		
鼻	はな	hana	Kun		
膝	ひざ	hiza	Kun		
肘	ひじ	hiji	Kun		
匹	ヒツ	HITSU	On		
匹	ひき	hiki	Kun		
必	ヒツ	HITSU	On		
必	かなら.ず	kanara.zu	Kun		
泌	ヒツ	HITSU	On		
泌	ヒ	HI	On		
筆	ヒツ	HITSU	On		
筆	ふで	fude	Kun		
姫	ひめ	hime	Kun		
百	ヒャク	HYAKU	On		
氷	ヒョウ	HYOU	On		
氷	こおり	koori	Kun		
氷	ひ	hi	Kun		
表	ヒョウ	HYOU	On		
表	おもて	omote	Kun		
表	あらわ.す	arawa.su	Kun		
表	あらわ.れる	arawa.reru	Kun		
俵	ヒョウ	HYOU	On		
俵	たわら	tawara	Kun		
票	ヒョウ	HYOU	On		
評	ヒョウ	HYOU	On		
漂	ヒョウ	HYOU	On		
漂	ただよ.う	tadayo.u	Kun		
標	ヒョウ	HYOU	On		
苗	ビョウ	BYOU	On		
苗	なえ	nae	Kun		
苗	なわ	nawa	Kun	Y	
秒	ビョウ	BYOU	On		
病	ビョウ	BYOU	On		
病	ヘイ	HEI	On	Y	
病	や.む	ya.mu	Kun		
病	やまい	yamai	Kun		
描	ビョウ	BYOU	On		
描	えが.く	ega.ku	Kun		
描	か.く	ka.ku	Kun		
猫	ビョウ	BYOU	On		
猫	ねこ	neko	Kun		
品	ヒン	HIN	On		
品	しな	shina	Kun		
浜	ヒン	HIN	On		
浜	はま	hama	Kun		
貧	ヒン	HIN	On		
貧	ビン	BIN	On		
貧	まず.しい	mazu.shii	Kun		
賓	ヒン	HIN	On		
頻	ヒン	HIN	On		
敏	ビン	BIN	On		
瓶	ビン	BIN	On		
不	フ	FU	On		
不	ブ	BU	On		
夫	フ	FU	On		
夫	フウ	FUU	On	Y	
夫	おっと	otto	Kun		
父	フ	FU	On		
父	ちち	chichi	Kun		
付	フ	FU	On		
付	つ.ける	tsu.keru	Kun		
付	つ.く	tsu.ku	Kun		
布	フ	FU	On		
布	ぬの	nuno	Kun		
扶	フ	FU	On		
府	フ	FU	On		
怖	フ	FU	On		
怖	こわ.い	kowa.i	Kun		
阜	フ	FU	On	Y	
附	フ	FU	On		
訃	フ	FU	On		
負	フ	FU	On		
負	ま.ける	ma.keru	Kun		
負	ま.かす	ma.kasu	Kun		
負	お.う	o.u	Kun		
赴	フ	FU	On		
赴	おもむ.く	omomu.ku	Kun		
浮	フ	FU	On		
浮	う.く	u.ku	Kun		
浮	う.かれる	u.kareru	Kun		
浮	う.かぶ	u.kabu	Kun		
浮	う.かべる	u.kaberu	Kun		
婦	フ	FU	On		
符	フ	FU	On		
富	フ	FU	On		
富	フウ	FUU	On	Y	
富	と.む	to.mu	Kun		
富	とみ	tomi	Kun		
普	フ	FU	On		
腐	フ	FU	On		
腐	くさ.る	kusa.ru	Kun		
腐	くさ.れる	kusa.reru	Kun		
腐	くさ.らす	kusa.rasu	Kun		
敷	フ	FU	On		
敷	し.く	shi.ku	Kun		
膚	フ	FU	On		
賦	フ	FU	On		
譜	フ	FU	On		
侮	ブ	BU	On		
侮	あなど.る	anado.ru	Kun		
武	ブ	BU	On		
武	ム	MU	On		
部	ブ	BU	On		
舞	ブ	BU	On		
舞	ま.う	ma.u	Kun		
舞	まい	mai	Kun		
封	フウ	FUU	On		
封	ホウ	HOU	On		
風	フウ	FUU	On		
風	フ	FU	On	Y	
風	かぜ	kaze	Kun		
風	かざ	kaza	Kun	Y	
伏	フク	FUKU	On		
伏	ふ.せる	fu.seru	Kun		
伏	ふ.す	fu.su	Kun		
服	フク	FUKU	On		
副	フク	FUKU	On		
幅	フク	FUKU	On		
幅	はば	haba	Kun		
復	フク	FUKU	On		
福	フク	FUKU	On		
腹	フク	FUKU	On		
腹	はら	hara	Kun		
複	フク	FUKU	On		
覆	フク	FUKU	On		
覆	おお.う	oo.u	Kun		
覆	くつがえ.す	kutsugae.su	Kun		
覆	くつがえ.る	kutsugae.ru	Kun		
払	フツ	FUTSU	On		
払	はら.う	hara.u	Kun		
沸	フツ	FUTSU	On		
沸	わ.く	wa.ku	Kun		
沸	わ.かす	wa.kasu	Kun		
仏	ブツ	BUTSU	On		
仏	ほとけ	hotoke	Kun		
物	ブツ	BUTSU	On		
物	モツ	MOTSU	On		
物	もの	mono	Kun		
粉	フン	FUN	On		
粉	こ	ko	Kun		
粉	こな	kona	Kun		
紛	フン	FUN	On		
紛	まぎ.れる	magi.reru	Kun		
紛	まぎ.らす	magi.rasu	Kun		
紛	まぎ.らわす	magi.rawasu	Kun		
紛	まぎ.らわしい	magi.rawashii	Kun		
雰	フン	FUN	On		
噴	フン	FUN	On		
噴	ふ.く	fu.ku	Kun		
墳	フン	FUN	On		
憤	フン	FUN	On		
憤	いきどお.る	ikidoo.ru	Kun		
奮	フン	FUN	On		
奮	ふる.う	furu.u	Kun		
分	ブン	BUN	On		
分	フン	FUN	On		
分	ブ	BU	On		
分	わ.ける	wa.keru	Kun		
分	わ.かれる	wa.kareru	Kun		
分	わ.かる	wa.karu	Kun		
分	わ.かつ	wa.katsu	Kun		
文	ブン	BUN	On		
文	モン	MON	On		
文	ふみ	fumi	Kun		
聞	ブン	BUN	On		
聞	モン	MON	On		
聞	き.く	ki.ku	Kun		
聞	き.こえる	ki.koeru	Kun		
丙	ヘイ	HEI	On		
平	ヘイ	HEI	On		
平	ビョウ	BYOU	On		
平	たい.ら	tai.ra	Kun		
平	ひら	hira	Kun		
兵	ヘイ	HEI	On		
兵	ヒョウ	HYOU	On		
併	ヘイ	HEI	On		
併	あわ.せる	awa.seru	Kun		
並	ヘイ	HEI	On		
並	な.み	na.mi	Kun		
並	なら.べる	nara.beru	Kun		
並	なら.ぶ	nara.bu	Kun		
並	なら.びに	nara.bini	Kun		
柄	ヘイ	HEI	On		
柄	がら	gara	Kun		
柄	え	e	Kun		
陛	ヘイ	HEI	On		
閉	ヘイ	HEI	On		
閉	と.じる	to.jiru	Kun		
閉	と.ざす	to.zasu	Kun		
閉	し.める	shi.meru	Kun		
閉	し.まる	shi.maru	Kun		
塀	ヘイ	HEI	On		
幣	ヘイ	HEI	On		
弊	ヘイ	HEI	On		
蔽	ヘイ	HEI	On		
餅	ヘイ	HEI	On		
餅	もち	mochi	Kun		
米	ベイ	BEI	On		
米	マイ	MAI	On		
米	こめ	kome	Kun		
壁	ヘキ	HEKI	On		
壁	かべ	kabe	Kun		
璧	ヘキ	HEKI	On		
癖	ヘキ	HEKI	On		
癖	くせ	kuse	Kun		
別	ベツ	BETSU	On		
別	わか.れる	waka.reru	Kun		
蔑	ベツ	BETSU	On		
蔑	さげす.む	sagesu.mu	Kun		
片	ヘン	HEN	On		
片	かた	kata	Kun		
辺	ヘン	HEN	On		
辺	あた.り	ata.ri	Kun		
辺	べ	be	Kun		
返	ヘン	HEN	On		
返	かえ.す	kae.su	Kun		
返	かえ.る	kae.ru	Kun		
変	ヘン	HEN	On		
変	か.わる	ka.waru	Kun		
変	か.える	ka.eru	Kun		
偏	ヘン	HEN	On		
偏	かたよ.る	katayo.ru	Kun		
遍	ヘン	HEN	On		
編	ヘン	HEN	On		
編	あ.む	a.mu	Kun		
弁	ベン	BEN	On		
便	ベン	BEN	On		
便	ビン	BIN	On		
便	たよ.り	tayo.ri	Kun		
勉	ベン	BEN	On		
歩	ホ	HO	On		
歩	ブ	BU	On		
歩	フ	FU	On	Y	
歩	ある.く	aru.ku	Kun		
歩	あゆ.む	ayu.mu	Kun		
保	ホ	HO	On		
保	たも.つ	tamo.tsu	Kun		
哺	ホ	HO	On		
捕	ホ	HO	On		
捕	と.らえる	to.raeru	Kun		
捕	と.らわれる	to.rawareru	Kun		
捕	と.る	to.ru	Kun		
捕	つか.まえる	tsuka.maeru	Kun		
捕	つか.まる	tsuka.maru	Kun		
補	ホ	HO	On		
補	おぎな.う	ogina.u	Kun		
舗	ホ	HO	On		
母	ボ	BO	On		
母	はは	haha	Kun		
募	ボ	BO	On		
募	つの.る	tsuno.ru	Kun		
墓	ボ	BO	On		
墓	はか	haka	Kun		
慕	ボ	BO	On		
慕	した.う	shita.u	Kun		
暮	ボ	BO	On		
暮	く.れる	ku.reru	Kun		
暮	く.らす	ku.rasu	Kun		
簿	ボ	BO	On		
方	ホウ	HOU	On		
方	かた	kata	Kun		
包	ホウ	HOU	On		
包	つつ.む	tsutsu.mu	Kun		
芳	ホウ	HOU	On		
芳	かんば.しい	kanba.shii	Kun		
邦	ホウ	HOU	On		
奉	ホウ	HOU	On		
奉	ブ	BU	On	Y	
奉	たてまつ.る	tatematsu.ru	Kun		
宝	ホウ	HOU	On		
宝	たから	takara	Kun		
抱	ホウ	HOU	On		
抱	だ.く	da.ku	Kun		
抱	いだ.く	ida.ku	Kun		
抱	かか.える	kaka.eru	Kun		
放	ホウ	HOU	On		
放	はな.す	hana.su	Kun		
放	はな.つ	hana.tsu	Kun		
放	はな.れる	hana.reru	Kun		
放	ほう.る	hou.ru	Kun		
法	ホウ	HOU	On		
法	ハッ	HAXTSU	On	Y	
法	ホッ	HOXTSU	On	Y	
泡	ホウ	HOU	On		
泡	あわ	awa	Kun		
胞	ホウ	HOU	On		
俸	ホウ	HOU	On		
倣	ホウ	HOU	On		
倣	なら.う	nara.u	Kun		
峰	ホウ	HOU	On		
峰	みね	mine	Kun		
砲	ホウ	HOU	On		
崩	ホウ	HOU	On		
崩	くず.れる	kuzu.reru	Kun		
崩	くず.す	kuzu.su	Kun		
訪	ホウ	HOU	On		
訪	おとず.れる	otozu.reru	Kun		
訪	たず.ねる	tazu.neru	Kun		
報	ホウ	HOU	On		
報	むく.いる	muku.iru	Kun		
蜂	ホウ	HOU	On		
蜂	はち	hachi	Kun		
豊	ホウ	HOU	On		
豊	ゆた.か	yuta.ka	Kun		
飽	ホウ	HOU	On		
飽	あ.きる	a.kiru	Kun		
飽	あ.かす	a.kasu	Kun		
褒	ホウ	HOU	On		
褒	ほ.める	ho.meru	Kun		
縫	ホウ	HOU	On		
縫	ぬ.う	nu.u	Kun		
亡	ボウ	BOU	On		
亡	モウ	MOU	On	Y	
亡	な.い	na.i	Kun		
乏	ボウ	BOU	On		
乏	とぼ.しい	tobo.shii	Kun		
忙	ボウ	BOU	On		
忙	いそが.しい	isoga.shii	Kun		
坊	ボウ	BOU	On		
坊	ボッ	BOXTSU	On	Y	
妨	ボウ	BOU	On		
妨	さまた.げる	samata.geru	Kun		
忘	ボウ	BOU	On		
忘	わす.れる	wasu.reru	Kun		
防	ボウ	BOU	On		
防	ふせ.ぐ	fuse.gu	Kun		
房	ボウ	BOU	On		
房	ふさ	fusa	Kun		
肪	ボウ	BOU	On		
某	ボウ	BOU	On		
冒	ボウ	BOU	On		
冒	おか.す	oka.su	Kun		
剖	ボウ	BOU	On		
紡	ボウ	BOU	On		
紡	つむ.ぐ	tsumu.gu	Kun		
望	ボウ	BOU	On		
望	モウ	MOU	On		
望	のぞ.む	nozo.mu	Kun		
傍	ボウ	BOU	On		
傍	かたわ.ら	katawa.ra	Kun		
帽	ボウ	BOU	On		
棒	ボウ	BOU	On		
貿	ボウ	BOU	On		
貌	ボウ	BOU	On		
暴	ボウ	BOU	On		
暴	バク	BAKU	On	Y	
暴	あば.く	aba.ku	Kun		
暴	あば.れる	aba.reru	Kun		
膨	ボウ	BOU	On		
膨	ふく.らむ	fuku.ramu	Kun		
膨	ふく.れる	fuku.reru	Kun		
謀	ボウ	BOU	On		
謀	ム	MU	On	Y	
謀	はか.る	haka.ru	Kun		
頬	ほお	hoo	Kun		
北	ホク	HOKU	On		
北	きた	kita	Kun		
木	ボク	BOKU	On		
木	モク	MOKU	On		
木	き	ki	Kun		
木	こ	ko	Kun	Y	
朴	ボク	BOKU	On		
牧	ボク	BOKU	On		
牧	まき	maki	Kun		
睦	ボク	BOKU	On		
僕	ボク	BOKU	On		
墨	ボク	BOKU	On		
墨	すみ	sumi	Kun		
撲	ボク	BOKU	On		
没	ボツ	BOTSU	On		
勃	ボツ	BOTSU	On		
堀	ほり	hori	Kun		
本	ホン	HON	On		
本	もと	moto	Kun		
奔	ホン	HON	On		
翻	ホン	HON	On		
翻	ひるがえ.る	hirugae.ru	Kun		
翻	ひるがえ.す	hirugae.su	Kun		
凡	ボン	BON	On		
凡	ハン	HAN	On	Y	
盆	ボン	BON	On		
麻	マ	MA	On		
麻	あさ	asa	Kun		
摩	マ	MA	On		
磨	マ	MA	On		
磨	みが.く	miga.ku	Kun		
魔	マ	MA	On		
毎	マイ	MAI	On		
妹	マイ	MAI	On		
妹	いもうと	imouto	Kun		
枚	マイ	MAI	On		
昧	マイ	MAI	On		
埋	マイ	MAI	On		
埋	う.める	u.meru	Kun		
埋	う.まる	u.maru	Kun		
埋	う.もれる	u.moreru	Kun		
幕	マク	MAKU	On		
幕	バク	BAKU	On		
膜	マク	MAKU	On		
枕	まくら	makura	Kun		
又	また	mata	Kun		
末	マツ	MATSU	On		
末	バツ	BATSU	On		
末	すえ	sue	Kun		
抹	マツ	MATSU	On		
万	マン	MAN	On		
万	バン	BAN	On		
満	マン	MAN	On		
満	み.ちる	mi.chiru	Kun		
満	み.たす	mi.tasu	Kun		
慢	マン	MAN	On		
漫	マン	MAN	On		
未	ミ	MI	On		
味	ミ	MI	On		
味	あじ	aji	Kun		
味	あじ.わう	aji.wau	Kun		
魅	ミ	MI	On		
岬	みさき	misaki	Kun		
密	ミツ	MITSU	On		
蜜	ミツ	MITSU	On		
脈	ミャク	MYAKU	On		
妙	ミョウ	MYOU	On		
民	ミン	MIN	On		
民	たみ	tami	Kun		
眠	ミン	MIN	On		
眠	ねむ.る	nemu.ru	Kun		
眠	ねむ.い	nemu.i	Kun		
矛	ム	MU	On		
矛	ほこ	hoko	Kun		
務	ム	MU	On		
務	つと.める	tsuto.meru	Kun		
務	つと.まる	tsuto.maru	Kun		
無	ム	MU	On		
無	ブ	BU	On		
無	な.い	na.i	Kun		
夢	ム	MU	On		
夢	ゆめ	yume	Kun		
霧	ム	MU	On		
霧	きり	kiri	Kun		
娘	むすめ	musume	Kun		
名	メイ	MEI	On		
名	ミョウ	MYOU	On		
名	な	na	Kun		
命	メイ	MEI	On		
命	ミョウ	MYOU	On		
命	いのち	inochi	Kun		
明	メイ	MEI	On		
明	ミョウ	MYOU	On		
明	あ.かり	a.kari	Kun		
明	あか.るい	aka.rui	Kun		
明	あか.るむ	aka.rumu	Kun		
明	あか.らむ	aka.ramu	Kun		
明	あき.らか	aki.raka	Kun		
明	あ.ける	a.keru	Kun		
明	あ.く	a.ku	Kun		
明	あ.くる	a.kuru	Kun		
明	あ.かす	a.kasu	Kun		
迷	メイ	MEI	On		
迷	まよ.う	mayo.u	Kun		
冥	メイ	MEI	On		
冥	ミョウ	MYOU	On		
盟	メイ	MEI	On		
銘	メイ	MEI	On		
鳴	メイ	MEI	On		
鳴	な.く	na.ku	Kun		
鳴	な.る	na.ru	Kun		
鳴	な.らす	na.rasu	Kun		
滅	メツ	METSU	On		
滅	ほろ.びる	horo.biru	Kun		
滅	ほろ.ぼす	horo.bosu	Kun		
免	メン	MEN	On		
免	まぬか.れる	manuka.reru	Kun		
面	メン	MEN	On		
面	おも	omo	Kun		
面	おもて	omote	Kun		
面	つら	tsura	Kun		
綿	メン	MEN	On		
綿	わた	wata	Kun		
麺	メン	MEN	On		
茂	モ	MO	On		
茂	しげ.る	shige.ru	Kun		
模	モ	MO	On		
模	ボ	BO	On		
毛	モウ	MOU	On		
毛	け	ke	Kun		
妄	モウ	MOU	On		
妄	ボウ	BOU	On		
盲	モウ	MOU	On		
耗	モウ	MOU	On		
耗	コウ	KOU	On	Y	
猛	モウ	MOU	On		
網	モウ	MOU	On		
網	あみ	ami	Kun		
目	モク	MOKU	On		
目	ボク	BOKU	On	Y	
目	め	me	Kun		
目	ま	ma	Kun	Y	
黙	モク	MOKU	On		
黙	だま.る	dama.ru	Kun		
門	モン	MON	On		
門	かど	kado	Kun		
紋	モン	MON	On		
問	モン	MON	On		
問	と.う	to.u	Kun		
問	と.い	to.i	Kun		
問	とん	ton	Kun	Y	
冶	ヤ	YA	On		
夜	ヤ	YA	On		
夜	よ	yo	Kun		
夜	よる	yoru	Kun		
野	ヤ	YA	On		
野	の	no	Kun		
弥	や	ya	Kun		
厄	ヤク	YAKU	On		
役	ヤク	YAKU	On		
役	エキ	EKI	On		
約	ヤク	YAKU	On		
訳	ヤク	YAKU	On		
訳	わけ	wake	Kun		
薬	ヤク	YAKU	On		
薬	くすり	kusuri	Kun		
躍	ヤク	YAKU	On		
躍	おど.る	odo.ru	Kun		
闇	やみ	yami	Kun		
由	ユ	YU	On		
由	ユウ	YUU	On		
由	ユイ	YUI	On	Y	
由	よし	yoshi	Kun		
油	ユ	YU	On		
油	あぶら	abura	Kun		
喩	ユ	YU	On		
愉	ユ	YU	On		
諭	ユ	YU	On		
諭	さと.す	sato.su	Kun		
輸	ユ	YU	On		
癒	ユ	YU	On		
癒	い.える	i.eru	Kun		
癒	い.やす	i.yasu	Kun		
唯	ユイ	YUI	On		
唯	イ	I	On	Y	
友	ユウ	YUU	On		
友	とも	tomo	Kun		
有	ユウ	YUU	On		
有	ウ	U	On		
有	あ.る	a.ru	Kun		
勇	ユウ	YUU	On		
勇	いさ.む	isa.mu	Kun		
幽	ユウ	YUU	On		
悠	ユウ	YUU	On		
郵	ユウ	YUU	On		
湧	ユウ	YUU	On		
湧	わ.く	wa.ku	Kun		
猶	ユウ	YUU	On		
裕	ユウ	YUU	On		
遊	ユウ	YUU	On		
遊	ユ	YU	On	Y	
遊	あそ.ぶ	aso.bu	Kun		
雄	ユウ	YUU	On		
雄	お	o	Kun		
雄	おす	osu	Kun		
誘	ユウ	YUU	On		
誘	さそ.う	saso.u	Kun		
憂	ユウ	YUU	On		
憂	うれ.える	ure.eru	Kun		
憂	うれ.い	ure.i	Kun		
憂	う.い	u.i	Kun		
融	ユウ	YUU	On		
優	ユウ	YUU	On		
優	やさ.しい	yasa.shii	Kun		
優	すぐ.れる	sugu.reru	Kun		
与	ヨ	YO	On		
与	あた.える	ata.eru	Kun		
予	ヨ	YO	On		
余	ヨ	YO	On		
余	あま.る	ama.ru	Kun		
余	あま.す	ama.su	Kun		
誉	ヨ	YO	On		
誉	ほま.れ	homa.re	Kun		
預	ヨ	YO	On		
預	あず.ける	azu.keru	Kun		
預	あず.かる	azu.karu	Kun		
幼	ヨウ	YOU	On		
幼	おさな.い	osana.i	Kun		
用	ヨウ	YOU	On		
用	もち.いる	mochi.iru	Kun		
羊	ヨウ	YOU	On		
羊	ひつじ	hitsuji	Kun		
妖	ヨウ	YOU	On		
妖	あや.しい	aya.shii	Kun		
洋	ヨウ	YOU	On		
要	ヨウ	YOU	On		
要	かなめ	kaname	Kun		
要	い.る	i.ru	Kun		
容	ヨウ	YOU	On		
庸	ヨウ	YOU	On		
揚	ヨウ	YOU	On		
揚	あ.げる	a.geru	Kun		
揚	あ.がる	a.garu	Kun		
揺	ヨウ	YOU	On		
揺	ゆ.れる	yu.reru	Kun		
揺	ゆ.る	yu.ru	Kun		
揺	ゆ.らぐ	yu.ragu	Kun		
揺	ゆ.るぐ	yu.rugu	Kun		
揺	ゆ.する	yu.suru	Kun		
揺	ゆ.さぶる	yu.saburu	Kun		
揺	ゆ.すぶる	yu.suburu	Kun		
葉	ヨウ	YOU	On		
葉	は	ha	Kun		
陽	ヨウ	YOU	On		
溶	ヨウ	YOU	On		
溶	と.ける	to.keru	Kun		
溶	と.かす	to.kasu	Kun		
溶	と.く	to.ku	Kun		
腰	ヨウ	YOU	On		
腰	こし	koshi	Kun		
様	ヨウ	YOU	On		
様	さま	sama	Kun		
瘍	ヨウ	YOU	On		
踊	ヨウ	YOU	On		
踊	おど.る	odo.ru	Kun		
踊	おど.り	odo.ri	Kun		
窯	ヨウ	YOU	On		
窯	かま	kama	Kun		
養	ヨウ	YOU	On		
養	やしな.う	yashina.u	Kun		
擁	ヨウ	YOU	On		
謡	ヨウ	YOU	On		
謡	うたい	utai	Kun		
謡	うた.う	uta.u	Kun		
曜	ヨウ	YOU	On		
抑	ヨク	YOKU	On		
抑	おさ.える	osa.eru	Kun		
沃	ヨク	YOKU	On		
浴	ヨク	YOKU	On		
浴	あ.びる	a.biru	Kun		
浴	あ.びせる	a.biseru	Kun		
欲	ヨク	YOKU	On		
欲	ほっ.する	hoxtsu.suru	Kun		
欲	ほ.しい	ho.shii	Kun		
翌	ヨク	YOKU	On		
翼	ヨク	YOKU	On		
翼	つばさ	tsubasa	Kun		
拉	ラ	RA	On		
裸	ラ	RA	On		
裸	はだか	hadaka	Kun		
羅	ラ	RA	On		
来	ライ	RAI	On		
来	く.る	ku.ru	Kun		
来	きた.る	kita.ru	Kun		
来	きた.す	kita.su	Kun		
雷	ライ	RAI	On		
雷	かみなり	kaminari	Kun		
頼	ライ	RAI	On		
頼	たの.む	tano.mu	Kun		
頼	たの.もしい	tano.moshii	Kun		
頼	たよ.る	tayo.ru	Kun		
絡	ラク	RAKU	On		
絡	から.む	kara.mu	Kun		
絡	から.まる	kara.maru	Kun		
絡	から.める	kara.meru	Kun		
落	ラク	RAKU	On		
落	お.ちる	o.chiru	Kun		
落	お.とす	o.tosu	Kun		
酪	ラク	RAKU	On		
辣	ラツ	RATSU	On		
乱	ラン	RAN	On		
乱	みだ.れる	mida.reru	Kun		
乱	みだ.す	mida.su	Kun		
卵	ラン	RAN	On		
卵	たまご	tamago	Kun		
覧	ラン	RAN	On		
濫	ラン	RAN	On		
藍	ラン	RAN	On		
藍	あい	ai	Kun		
欄	ラン	RAN	On		
吏	リ	RI	On		
利	リ	RI	On		
利	き.く	ki.ku	Kun		
里	リ	RI	On		
里	さと	sato	Kun		
理	リ	RI	On		
痢	リ	RI	On		
裏	リ	RI	On		
裏	うら	ura	Kun		
履	リ	RI	On		
履	は.く	ha.ku	Kun		
璃	リ	RI	On		
離	リ	RI	On		
離	はな.れる	hana.reru	Kun		
離	はな.す	hana.su	Kun		
陸	リク	RIKU	On		
立	リツ	RITSU	On		
立	リュウ	RYUU	On	Y	
立	た.つ	ta.tsu	Kun		
立	た.てる	ta.teru	Kun		
律	リツ	RITSU	On		
律	リチ	RICHI	On	Y	
慄	リツ	RITSU	On		
略	リャク	RYAKU	On		
柳	リュウ	RYUU	On		
柳	やなぎ	yanagi	Kun		
流	リュウ	RYUU	On		
流	ル	RU	On	Y	
流	なが.れる	naga.reru	Kun		
流	なが.す	naga.su	Kun		
留	リュウ	RYUU	On		
留	ル	RU	On	Y	
留	と.める	to.meru	Kun		
留	と.まる	to.maru	Kun		
竜	リュウ	RYUU	On		
竜	たつ	tatsu	Kun		
粒	リュウ	RYUU	On		
粒	つぶ	tsubu	Kun		
隆	リュウ	RYUU	On		
硫	リュウ	RYUU	On		
侶	リョ	RYO	On		
旅	リョ	RYO	On		
旅	たび	tabi	Kun		
虜	リョ	RYO	On		
慮	リョ	RYO	On		
了	リョウ	RYOU	On		
両	リョウ	RYOU	On		
良	リョウ	RYOU	On		
良	よ.い	yo.i	Kun		
料	リョウ	RYOU	On		
涼	リョウ	RYOU	On		
涼	すず.しい	suzu.shii	Kun		
涼	すず.む	suzu.mu	Kun		
猟	リョウ	RYOU	On		
陵	リョウ	RYOU	On		
陵	みささぎ	misasagi	Kun		
量	リョウ	RYOU	On		
量	はか.る	haka.ru	Kun		
僚	リョウ	RYOU	On		
領	リョウ	RYOU	On		
寮	リョウ	RYOU	On		
療	リョウ	RYOU	On		
瞭	リョウ	RYOU	On		
糧	リョウ	RYOU	On		
糧	ロウ	ROU	On	Y	
糧	かて	kate	Kun		
力	リョク	RYOKU	On		
力	リキ	RIKI	On		
力	ちから	chikara	Kun		
緑	リョク	RYOKU	On		
緑	ロク	ROKU	On	Y	
緑	みどり	midori	Kun		
林	リン	RIN	On		
林	はやし	hayashi	Kun		
厘	リン	RIN	On		
倫	リン	RIN	On		
輪	リン	RIN	On		
輪	わ	wa	Kun		
隣	リン	RIN	On		
隣	とな.る	tona.ru	Kun		
隣	となり	tonari	Kun		
臨	リン	RIN	On		
臨	のぞ.む	nozo.mu	Kun		
瑠	ル	RU	On		
涙	ルイ	RUI	On		
涙	なみだ	namida	Kun		
累	ルイ	RUI	On		
塁	ルイ	RUI	On		
類	ルイ	RUI	On		
類	たぐ.い	tagu.i	Kun		
令	レイ	REI	On		
礼	レイ	REI	On		
礼	ライ	RAI	On		
冷	レイ	REI	On		
冷	つめ.たい	tsume.tai	Kun		
冷	ひ.える	hi.eru	Kun		
冷	ひ.や	hi.ya	Kun		
冷	ひ.やす	hi.yasu	Kun		
冷	ひ.やかす	hi.yakasu	Kun		
冷	さ.める	sa.meru	Kun		
冷	さ.ます	sa.masu	Kun		
励	レイ	REI	On		
励	はげ.む	hage.mu	Kun		
励	はげ.ます	hage.masu	Kun		
戻	レイ	REI	On		
戻	もど.す	modo.su	Kun		
戻	もど.る	modo.ru	Kun		
例	レイ	REI	On		
例	たと.える	tato.eru	Kun		
鈴	レイ	REI	On		
鈴	リン	RIN	On		
鈴	すず	suzu	Kun		
零	レイ	REI	On		
霊	レイ	REI	On		
霊	リョウ	RYOU	On		
霊	たま	tama	Kun		
隷	レイ	REI	On		
齢	レイ	REI	On		
麗	レイ	REI	On		
麗	うるわ.しい	uruwa.shii	Kun		
暦	レキ	REKI	On		
暦	こよみ	koyomi	Kun		
歴	レキ	REKI	On		
列	レツ	RETSU	On		
劣	レツ	RETSU	On		
劣	おと.る	oto.ru	Kun		
烈	レツ	RETSU	On		
裂	レツ	RETSU	On		
裂	さ.く	sa.ku	Kun		
裂	さ.ける	sa.keru	Kun		
恋	レン	REN	On		
恋	こ.う	ko.u	Kun		
恋	こい	koi	Kun		
恋	こい.しい	koi.shii	Kun		
連	レン	REN	On		
連	つら.なる	tsura.naru	Kun		
連	つら.ねる	tsura.neru	Kun		
連	つ.れる	tsu.reru	Kun		
廉	レン	REN	On		
練	レン	REN	On		
練	ね.る	ne.ru	Kun		
錬	レン	REN	On		
呂	ロ	RO	On		
炉	ロ	RO	On		
賂	ロ	RO	On		
路	ロ	RO	On		
路	じ	ji	Kun		
露	ロ	RO	On		
露	ロウ	ROU	On	Y	
露	つゆ	tsuyu	Kun		
老	ロウ	ROU	On		
老	お.いる	o.iru	Kun		
老	ふ.ける	fu.keru	Kun		
労	ロウ	ROU	On		
弄	ロウ	ROU	On		
弄	もてあそ.ぶ	moteaso.bu	Kun		
郎	ロウ	ROU	On		
朗	ロウ	ROU	On		
朗	ほが.らか	hoga.raka	Kun		
浪	ロウ	ROU	On		
廊	ロウ	ROU	On		
楼	ロウ	ROU	On		
漏	ロウ	ROU	On		
漏	も.る	mo.ru	Kun		
漏	も.れる	mo.reru	Kun		
漏	も.らす	mo.rasu	Kun		
籠	ロウ	ROU	On		
籠	かご	kago	Kun		
籠	こ.もる	ko.moru	Kun		
六	ロク	ROKU	On		
六	む	mu	Kun		
六	む.つ	mu.tsu	Kun		
六	むっ.つ	muxtsu.tsu	Kun		
六	むい	mui	Kun	Y	
録	ロク	ROKU	On		
麓	ロク	ROKU	On		
麓	ふもと	fumoto	Kun		
論	ロン	RON	On		
和	ワ	WA	On		
和	オ	O	On	Y	
和	やわ.らぐ	yawa.ragu	Kun		
和	やわ.らげる	yawa.rageru	Kun		
和	なご.む	nago.mu	Kun		
和	なご.やか	nago.yaka	Kun		
話	ワ	WA	On		
話	はな.す	hana.su	Kun		
話	はなし	hanashi	Kun		
賄	ワイ	WAI	On		
賄	まかな.う	makana.u	Kun		
脇	わき	waki	Kun		
惑	ワク	WAKU	On		
惑	まど.う	mado.u	Kun		
枠	わく	waku	Kun		
湾	ワン	WAN	On		
腕	ワン	WAN	On		
腕	うで	ude	Kun		
